Date,Ticker,Open,High,Low,Close,Volume
2024-03-05,AAPL,169.95750255670077,171.23148594158673,168.8228606299405,169.3205108642578,95132400
2024-03-05,AMZN,176.92999267578125,176.92999267578125,173.3000030517578,174.1199951171875,37228300
2024-03-05,GOOG,132.2647707393013,133.54018687674454,131.0790287355471,133.30104064941406,28447600
2024-03-05,MSFT,410.8234857245891,411.1112969231929,397.6044321579871,399.59918212890625,26919200
2024-03-06,AAPL,170.256065044738,170.43522699407845,167.88724549652,168.32518005371094,68587700
2024-03-06,AMZN,175.5399932861328,176.4600067138672,173.25999450683594,173.50999450683594,32090900
2024-03-06,GOOG,133.75939657689565,134.25760646628555,131.47758676916078,132.0854034423828,23175200
2024-03-06,MSFT,399.91679432847235,402.0902036474927,395.37150921419715,399.04345703125,22344100
2024-03-07,AAPL,168.35503848083317,169.92761476617306,167.6981518296525,168.20574951171875,71765100
2024-03-07,AMZN,174.8300018310547,177.99000549316406,173.72000122070312,176.82000732421875,34063300
2024-03-07,GOOG,133.41064084313805,135.3337388830001,132.18504879747854,134.7558135986328,24107300
2024-03-07,MSFT,403.04290164123864,406.67517415608603,399.19229481283145,406.0400390625,18718500
2024-03-08,AAPL,168.20574707517525,172.88365534695112,168.1460314883945,169.9276123046875,76114600
2024-03-08,AMZN,176.44000244140625,178.7899932861328,174.3300018310547,175.35000610351562,37853500
2024-03-08,GOOG,134.55153610216772,138.48739082554556,134.3173768675231,135.80203247070312,26472400
2024-03-08,MSFT,404.8689575439801,407.3103404061873,401.2664565057241,403.14215087890625,17971700
2024-03-11,AAPL,172.12725037151972,173.56048535052068,171.2414336396481,171.93814086914062,60139500
2024-03-11,AMZN,174.30999755859375,174.47000122070312,171.47000122070312,171.9600067138672,28484800
2024-03-11,GOOG,136.5792808581865,139.47885116674465,136.5792808581865,138.4425811767578,22536400
2024-03-11,MSFT,400.70079606171487,402.6062316222378,398.21973809181884,401.45501708984375,16120800
2024-03-12,AAPL,172.3362371923594,173.2121062975323,170.20629520329734,172.41586303710938,59825400
2024-03-12,AMZN,173.5,176.75999450683594,171.97999572753906,175.38999938964844,36610600
2024-03-12,GOOG,137.75502702910646,139.77775785522647,137.7151769299223,139.1201171875,19019700
2024-03-12,MSFT,404.5315189350478,412.4212950799544,403.70782104780903,412.13348388671875,22457000
2024-03-13,AAPL,171.9580519129805,172.37607625258147,169.95748841772314,170.3257598876953,52488700
2024-03-13,AMZN,175.89999389648438,177.6199951171875,175.5500030517578,176.55999755859375,30772600
2024-03-13,GOOG,139.55855696946134,141.6809360424644,139.50873293783897,140.26602172851562,19637000
2024-03-13,MSFT,414.9321647542621,415.0115452878592,408.3325562328795,411.95489501953125,17115900
2024-03-14,AAPL,172.0973925529764,173.49080701178275,171.2414336176872,172.1869659423828,72913500
2024-03-14,AMZN,177.69000244140625,179.52999877929688,176.47000122070312,178.75,43705800
2024-03-14,GOOG,141.79052223081538,144.21181473346388,140.97843776624688,143.82321166992188,36117900
2024-03-14,MSFT,417.0558908033508,424.5784751674573,414.8229387375938,421.9981689453125,34157300
2024-03-15,AAPL,170.3655638276482,171.80874633789062,169.48969463541124,171.80874633789062,121664700
2024-03-15,AMZN,176.63999938964844,177.92999267578125,173.89999389648438,174.4199981689453,72115500
2024-03-15,GOOG,142.89656145954595,143.8232245385374,140.62472562261846,141.66099548339844,41025900
2024-03-15,MSFT,416.11311165944556,419.3980298678985,409.6623611748997,413.2648620605469,45049800
2024-03-18,AAPL,174.7448914522954,176.87483361469177,172.70452267737835,172.90357971191406,75604200
2024-03-18,AMZN,175.8000030517578,176.69000244140625,174.27999877929688,174.47999572753906,31250700
2024-03-18,GOOG,148.83522306232322,152.3824751748973,147.60963094571133,147.9484100341797,47676700
2024-03-18,MSFT,411.11127379953496,417.54218646296124,410.644833725834,414.15802001953125,20106000
2024-03-19,AAPL,173.52065910891577,175.77999515234478,172.2168180823409,175.2524871826172,55215200
2024-03-19,AMZN,174.22000122070312,176.08999633789062,173.52000427246094,175.89999389648438,26880900
2024-03-19,GOOG,148.44662927451952,149.08433738873381,146.48368089710854,147.3904266357422,17748400
2024-03-19,MSFT,414.6641794557911,418.4751112612702,412.40145573236146,418.2170715332031,19837900
2024-03-20,AAPL,174.89418909629194,177.830322265625,174.26714497871419,177.830322265625,53423100
2024-03-20,AMZN,176.13999938964844,178.52999877929688,174.63999938964844,178.14999389648438,29947200
2024-03-20,GOOG,148.25729101600973,149.22381941007393,147.1363187737954,149.14410400390625,17730000
2024-03-20,MSFT,418.8026102027015,422.73259778034867,417.4727666861834,422.0081481933594,17860100
2024-03-21,AAPL,176.2179350177799,176.65586961417029,170.03711298613993,170.5646209716797,106181300
2024-03-21,AMZN,179.99000549316406,181.4199981689453,178.14999389648438,178.14999389648438,32824300
2024-03-21,GOOG,149.78183414860183,150.76329307208584,147.48009160046513,148.20748901367188,19843900
2024-03-21,MSFT,426.57326646256405,427.55578606152034,423.9235133811952,426.11676025390625,21296200
2024-03-22,AAPL,170.95279171103329,172.23673773536032,169.26078406375387,171.47035217285156,71106600
2024-03-22,AMZN,177.75,179.25999450683594,176.75,178.8699951171875,27964100
2024-03-22,GOOG,149.70211770124945,152.01380375387492,149.55264560728025,151.2266387939453,19226300
2024-03-22,MSFT,426.4442947841674,426.6030558566972,422.8417934382558,425.4915466308594,17636500
2024-03-25,AAPL,169.76839047714014,171.13194711675717,168.65364374159117,170.0470733642578,54288300
2024-03-25,AMZN,178.00999450683594,180.99000549316406,177.24000549316406,179.7100067138672,29815500
2024-03-25,GOOG,150.4095600308176,150.9137451462837,148.26726362421323,150.6088409423828,15114700
2024-03-25,MSFT,422.0180083068545,424.1715798565736,418.41550744623606,419.6560363769531,18060500
2024-03-26,AAPL,169.20107551486385,170.61440032318552,168.78305115074727,168.91244506835938,57388400
2024-03-26,AMZN,180.14999389648438,180.4499969482422,177.9499969482422,178.3000030517578,29659000
2024-03-26,GOOG,150.69853103186887,152.6515052608247,150.48927619097265,151.15687561035156,19312700
2024-03-26,MSFT,422.3851872487767,422.76231287812396,418.15748537548563,418.4552001953125,16725600
2024-03-27,AAPL,169.609133760084,172.78414425918754,169.31054062211945,172.49549865722656,60273300
2024-03-27,AMZN,179.8800048828125,180.0,177.30999755859375,179.8300018310547,33272600
2024-03-27,GOOG,151.60027921513577,152.14332612606745,149.59249413175579,151.39601135253906,16622000
2024-03-27,MSFT,421.2240807902947,421.2340147133464,415.83523039825434,418.23687744140625,16705000
2024-03-28,AAPL,170.94283813483634,171.4205780589011,169.70866021166748,170.67410278320312,65672700
2024-03-28,AMZN,180.1699981689453,181.6999969482422,179.25999450683594,180.3800048828125,38051600
2024-03-28,GOOG,151.45581059137982,152.12341003725055,150.78821114550908,151.71487426757812,21105600
2024-03-28,MSFT,417.7704594727013,418.6735682140503,415.94440442920035,417.53228759765625,21871200
2024-04-01,AAPL,170.38547862745995,170.4451942217802,168.68350825393796,169.23092651367188,46240500
2024-04-01,AMZN,180.7899932861328,183.0,179.9499969482422,180.97000122070312,29174500
2024-04-01,GOOG,151.28640386346316,156.43789185350315,151.10704041250085,155.93968200683594,24469800
2024-04-01,MSFT,420.73785184065474,424.6480018954086,419.02094870327977,421.3531494140625,16316000
2024-04-02,AAPL,168.28537106183597,168.54414366405445,167.43935975957754,168.04649353027344,49329500
2024-04-02,AMZN,179.07000732421875,180.7899932861328,178.3800048828125,180.69000244140625,32611500
2024-04-02,GOOG,154.19595021427114,155.4315161289034,152.9105754774357,155.3119354248047,17598100
2024-04-02,MSFT,416.9269168072685,419.17973696688534,414.6741269340057,418.2468566894531,17912000
2024-04-03,AAPL,167.99673277562965,169.8778497555363,167.78772821512752,168.85269165039062,47691700
2024-04-03,AMZN,179.89999389648438,182.8699951171875,179.8000030517578,182.41000366210938,31046600
2024-04-03,GOOG,154.36534456183085,155.98951360615538,153.5801714004906,155.81015014648438,17266200
2024-04-03,MSFT,416.54979735190346,420.0530500088036,415.91463197146663,417.26434326171875,16502300
2024-04-04,AAPL,169.48968886138192,171.11203328162168,168.026611328125,168.026611328125,53704400
2024-04-04,AMZN,184.0,185.10000610351562,180.0,180.0,41624300
2024-04-04,GOOG,154.52476859621166,155.6208211415585,151.33622860332207,151.39601135253906,24184800
2024-04-04,MSFT,421.769951509971,425.4220921238306,414.4061878822782,414.7138366699219,19370900
2024-04-05,AAPL,168.7929675547899,169.58921080070664,168.15597599547186,168.78302001953125,42055200
2024-04-05,AMZN,182.3800048828125,186.27000427246094,181.97000122070312,185.07000732421875,42335200
2024-04-05,GOOG,151.13695170488688,154.28564199977868,150.54009720298788,153.3888702392578,16289800
2024-04-05,MSFT,416.8276974614869,423.2784485638512,415.1504997519638,422.2959289550781,16544300
2024-04-08,AAPL,168.23561647794648,168.40481571452685,167.4493358859462,167.65834045410156,37425500
2024-04-08,AMZN,186.89999389648438,187.2899932861328,184.80999755859375,185.19000244140625,39221300
2024-04-08,GOOG,153.46358643519258,156.0941339541208,153.4386820232283,155.5809783935547,16641500
2024-04-08,MSFT,421.9485777283347,424.0425761054586,420.09272093696904,421.3729553222656,14272400
2024-04-09,AAPL,167.90716183961618,169.2806811483862,167.55881583801002,168.8726043701172,42451200
2024-04-09,AMZN,187.24000549316406,187.33999633789062,184.1999969482422,185.6699981689453,36546900
2024-04-09,GOOG,156.78665709200604,159.31755662121807,156.07919236456976,157.57382202148438,21538100
2024-04-09,MSFT,423.20896224870864,424.4991003259259,418.4254750382327,423.0501708984375,12512300
2024-04-10,AAPL,168.0066961691415,168.29532657810816,166.3246362072623,166.99148559570312,49709300
2024-04-10,AMZN,182.77000427246094,186.27000427246094,182.6699981689453,185.9499969482422,35879200
2024-04-10,GOOG,157.3147488310633,157.5937451337983,155.64075581049497,157.0955352783203,16339200
2024-04-10,MSFT,418.99116993330387,420.81722505973426,416.5200457584293,420.0530700683594,16216600
2024-04-11,AAPL,167.54885233902874,174.63540094951088,167.36970557110288,174.2173614501953,91070300
2024-04-11,AMZN,186.74000549316406,189.77000427246094,185.50999450683594,189.0500030517578,40020700
2024-04-11,GOOG,157.773099603917,160.54314529324995,157.3645638573207,160.21432495117188,17841700
2024-04-11,MSFT,422.5936541739285,426.1167444183971,419.15984809671994,424.6876525878906,17966400
2024-04-12,AAPL,173.44102962389059,177.52176704196785,173.39127675717174,175.72027587890625,101593300
2024-04-12,AMZN,187.72000122070312,188.3800048828125,185.0800018310547,186.1300048828125,38554300
2024-04-12,GOOG,158.83429802050733,161.1210796516623,158.03218737436384,158.6200714111328,16968200
2024-04-12,MSFT,420.8370731015467,421.9585162359949,416.58950274190113,418.703369140625,19232100
2024-04-15,AAPL,174.53586805138283,175.7999037342719,171.68930847441092,171.87841796875,73531800
2024-04-15,AMZN,187.42999267578125,188.69000244140625,183.0,183.6199951171875,48052400
2024-04-15,GOOG,159.70616462473123,160.2541985565825,155.5909459777456,155.7703094482422,21140900
2024-04-15,MSFT,423.36774724307367,423.5860815606245,410.2975202475589,410.5059509277344,20273500
2024-04-16,AAPL,170.94284143183614,172.94338974194338,167.47920033817573,168.583984375,73711200
2024-04-16,AMZN,183.27000427246094,184.8300018310547,182.25999450683594,183.32000732421875,32891300
2024-04-16,GOOG,155.082770822216,156.66707459145422,154.49488681287485,155.4414825439453,15413200
2024-04-16,MSFT,411.42887810136665,415.2298454910269,410.5952462785095,411.43878173828125,16765600
2024-04-17,AAPL,168.81289870293196,169.84800441976404,167.21046447753906,167.21046447753906,50901200
2024-04-17,AMZN,184.30999755859375,184.57000732421875,179.82000732421875,181.27999877929688,31359700
2024-04-17,GOOG,156.62721653463385,158.11287564524082,155.57598583517958,156.31832885742188,16237800
2024-04-17,MSFT,414.0886181303493,415.7062729403422,407.2210356312864,408.7196044921875,15855500
2024-04-18,AAPL,167.24032724180861,167.847461101441,165.7672868824189,166.25497436523438,43122900
2024-04-18,AMZN,181.47000122070312,182.38999938964844,178.64999389648438,179.22000122070312,30723800
2024-04-18,GOOG,156.3631825019562,157.9175949806136,155.65074598326487,156.89627075195312,14016100
2024-04-18,MSFT,407.5187363707615,408.76919927263555,400.88935677884103,401.2069091796875,21029900
2024-04-19,AAPL,165.42888374733738,165.6179780634261,163.3088890664717,164.2245635986328,67772100
2024-04-19,AMZN,178.74000549316406,179.0,173.44000244140625,174.6300048828125,55950000
2024-04-19,GOOG,157.18520634347013,157.4243525429412,153.35895837688054,155.1624755859375,20063900
2024-04-19,MSFT,400.9687488676842,402.4077746386735,394.7561698730406,396.095947265625,30276500
2024-04-22,AAPL,164.74210446317437,166.4739172082034,163.99562926284756,165.0605926513672,48116400
2024-04-22,AMZN,176.94000244140625,178.8699951171875,174.55999755859375,177.22999572753906,37924900
2024-04-22,GOOG,155.45143428674442,158.615069923171,155.10269650893756,157.38449096679688,17243900
2024-04-22,MSFT,397.04865981007964,399.7976914523607,392.7514806878664,397.9219970703125,20286900
2024-04-23,AAPL,164.57291251221173,166.26492000363532,164.14492548116624,166.11561584472656,49537800
2024-04-23,AMZN,178.0800018310547,179.92999267578125,175.97999572753906,179.5399932861328,37046500
2024-04-23,GOOG,158.02220255132582,159.90543524739437,157.39944021526932,159.34744262695312,16115400
2024-04-23,MSFT,401.1771473553241,405.10716505974153,400.0060952402287,404.48193359375,15734500
2024-04-24,AAPL,165.75730653407012,168.50434510258808,165.42887079721268,168.2256622314453,48251800
2024-04-24,AMZN,179.94000244140625,180.32000732421875,176.17999267578125,176.58999633789062,34185100
2024-04-24,GOOG,158.52042556623013,160.8121941938056,158.25140316173793,160.5232391357422,19485700
2024-04-24,MSFT,406.45684392489727,409.3447990752087,403.6979086365787,405.96063232421875,15065300
2024-04-25,AAPL,168.73327450279362,169.80820075027214,167.3597550998357,169.09158325195312,50558300
2024-04-25,AMZN,169.67999267578125,173.9199981689453,166.32000732421875,173.6699981689453,49249400
2024-04-25,GOOG,152.81092812326548,157.71331129729472,152.22105239559522,157.38449096679688,36197800
2024-04-25,MSFT,391.04452101034235,396.8601368410158,385.08998167747234,396.0165710449219,40586500
2024-04-26,AAPL,169.081624768213,170.53475474394267,168.38490238817732,168.5043487548828,44838400
2024-04-26,AMZN,177.8000030517578,180.82000732421875,176.1300048828125,179.6199951171875,43919800
2024-04-26,GOOG,175.35991417728803,175.78836736422082,170.78633605044507,173.06814575195312,56500800
2024-04-26,MSFT,409.04710666417816,409.87080464048637,402.6856699602139,403.2414245605469,29694700
2024-04-29,AAPL,172.55520693212748,175.20270935632288,172.28648678772151,172.68460083007812,68169400
2024-04-29,AMZN,182.75,183.52999877929688,179.38999938964844,180.9600067138672,54063900
2024-04-29,GOOG,170.15860899035204,170.76642566039837,166.46188494056344,167.2988739013672,35914600
2024-04-29,MSFT,402.1795096483343,403.24140976178137,396.1654273618807,399.2022399902344,19582100
2024-04-30,AAPL,172.51541154910535,174.1676137755898,169.20105955998108,169.52951049804688,65934800
2024-04-30,AMZN,181.08999633789062,182.99000549316406,174.8000030517578,175.0,94639800
2024-04-30,GOOG,166.7807480454706,169.26182357301482,163.91105420679276,164.05055236816406,29420800
2024-04-30,MSFT,398.44799719369325,399.112934090919,386.2213658866136,386.380126953125,28781400
2024-05-01,AAPL,168.78303163206596,171.89832652202932,168.31523926242042,168.5043487548828,50383100
2024-05-01,AMZN,181.63999938964844,185.14999389648438,176.55999755859375,179.0,94645100
2024-05-01,GOOG,165.58502005483606,168.20560875659675,164.30960404279213,164.9772186279297,25223200
2024-05-01,MSFT,389.635268755834,398.6762601059751,387.35270744745037,391.9476318359375,23562500
2024-05-02,AAPL,171.69925171807526,172.60497864880503,170.08687006909776,172.21681213378906,94214900
2024-05-02,AMZN,180.85000610351562,185.10000610351562,179.91000366210938,184.72000122070312,54303500
2024-05-02,GOOG,166.07327274719108,167.92661403276392,165.09678567970036,167.85687255859375,17041100
2024-05-02,MSFT,394.64702416400013,396.89981398666424,391.6598205584853,394.8256530761719,17709400
2024-05-03,AAPL,185.7727942523785,186.12115543095717,181.80155578938326,182.51817321777344,163224100
2024-05-03,AMZN,186.99000549316406,187.8699951171875,185.4199981689453,186.2100067138672,39172000
2024-05-03,GOOG,168.9329979479425,169.24190084234326,164.38932631461617,168.38497924804688,22767100
2024-05-03,MSFT,399.2320083912343,404.06510458639696,398.815177316325,403.5788269042969,17446700
2024-05-06,AAPL,181.49304025440043,183.33433694545525,179.5721025190793,180.85604858398438,78569700
2024-05-06,AMZN,186.27999877929688,188.75,184.8000030517578,188.6999969482422,34725300
2024-05-06,GOOG,168.61413773896217,169.29169581642682,167.28889775363655,169.22195434570312,15147900
2024-05-06,MSFT,405.66292597330005,410.7937370714025,403.29101993493754,410.4067077636719,16996600
2024-05-07,AAPL,182.58782340154968,184.03100569167054,180.46784424762225,181.54275512695312,77305800
2024-05-07,AMZN,188.9199981689453,189.94000244140625,187.30999755859375,188.75999450683594,34048900
2024-05-07,GOOG,169.5109411169839,172.84895371781545,169.39137559953906,172.36070251464844,21102400
2024-05-07,MSFT,411.5182242956741,411.52815821970637,405.99041958064737,406.238525390625,20018200
2024-05-08,AAPL,181.9906787165348,182.20964601288568,180.59724908638574,181.88119506835938,45057100
2024-05-08,AMZN,187.44000244140625,188.42999267578125,186.38999938964844,188.0,26136400
2024-05-08,GOOG,170.13867494055083,171.29352204290763,169.9114943965067,170.54721069335938,14569900
2024-05-08,MSFT,405.07737479693975,409.1066104061556,403.6284151762591,407.4294128417969,11792300
2024-05-09,AAPL,181.70204263297254,183.792179594264,181.2541604804327,183.70260620117188,48983000
2024-05-09,AMZN,188.8800048828125,191.6999969482422,187.44000244140625,189.5,43368400
2024-05-09,GOOG,170.53724507481766,171.8226351491346,169.32161168547344,170.96571350097656,11937700
2024-05-09,MSFT,407.45918232898305,409.5928860565961,406.0003190785622,409.1959228515625,14689700
2024-05-10,AAPL,184.28063783698332,184.47000383075684,181.51992740382525,182.4368438720703,50759500
2024-05-10,AMZN,189.16000366210938,189.88999938964844,186.92999267578125,187.47999572753906,34141800
2024-05-10,GOOG,169.08247038082908,170.72655689221446,167.3088444361757,169.68031311035156,18740500
2024-05-10,MSFT,409.81127592440214,412.2327911756722,408.6798988359958,411.5976257324219,13402300
2024-05-13,AAPL,184.81885368591878,186.47329700939974,184.00159305347216,185.65603637695312,72044800
2024-05-13,AMZN,188.0,188.30999755859375,185.36000061035156,186.57000732421875,24898600
2024-05-13,GOOG,165.25322884588954,170.33795574293643,165.1665347312259,170.2881317138672,19648600
2024-05-13,MSFT,414.84283115281045,415.18025140614657,407.7073059282806,410.5853271484375,15440200
2024-05-14,AAPL,186.8819036535792,187.66926595480425,185.6659889969534,186.8021697998047,52393600
2024-05-14,AMZN,183.82000732421875,187.72000122070312,183.4499969482422,187.07000732421875,38698200
2024-05-14,GOOG,170.97567403367486,172.1614160574727,169.80986466353144,171.314453125,18729500
2024-05-14,MSFT,408.8981987547859,414.3267549073316,408.43175863614476,413.40380859375,15109300
2024-05-15,AAPL,187.28056849688068,190.0113806876588,186.74236879853999,189.08450317382812,70400000
2024-05-15,AMZN,185.97000122070312,186.72000122070312,182.72999572753906,185.99000549316406,75459900
2024-05-15,GOOG,171.68313172433574,173.4228828555884,171.41409412564735,173.25747680664062,20958200
2024-05-15,MSFT,415.48172683662517,421.35753100749633,414.85536761085484,420.6317443847656,22239500
2024-05-16,AAPL,189.83199615864385,190.45989075478766,189.02471179656044,189.2041015625,52845200
2024-05-16,AMZN,185.60000610351562,187.30999755859375,183.4600067138672,183.6300048828125,38834500
2024-05-16,GOOG,173.97491056962525,175.7086713647878,173.42687661545773,174.8019256591797,17247300
2024-05-16,MSFT,419.35914332573157,422.9582208339026,417.91755229509,418.5538330078125,17530100
2024-05-17,AAPL,188.87521403256983,190.17086260921994,188.5463175718117,189.2340087890625,41282900
2024-05-17,AMZN,183.75999450683594,185.3000030517578,183.35000610351562,184.6999969482422,33175700
2024-05-17,GOOG,174.92148236280053,176.8595107840734,174.3535158326,176.65524291992188,16546400
2024-05-17,MSFT,420.09488474644235,420.4726906446292,415.61097317740536,417.7783508300781,15352200
2024-05-20,AAPL,188.69580666177544,191.27712733733017,188.3768712601109,190.4000701904297,44361300
2024-05-20,AMZN,184.33999633789062,186.6699981689453,183.27999877929688,183.5399932861328,30511800
2024-05-20,GOOG,176.67518360339702,179.30573113766596,176.59049643889753,177.82107543945312,17495100
2024-05-20,MSFT,417.77831310874586,424.30034916156967,417.5595849948594,422.8786315917969,16272100
2024-05-21,AAPL,190.44991454290118,192.08442053272114,190.28048580582154,191.70570373535156,42309400
2024-05-21,AMZN,182.3000030517578,183.25999450683594,180.75,183.14999389648438,50839100
2024-05-21,GOOG,177.76128359116808,179.17621306575776,176.67518967434015,178.89720153808594,14706000
2024-05-21,MSFT,424.36004826198655,430.46453247000767,422.3915253519068,426.5572814941406,21453300
2024-05-22,AAPL,191.6259804985601,192.17414127105863,189.63267965869522,190.26055908203125,34648500
2024-05-22,AMZN,183.8800048828125,185.22000122070312,181.97000122070312,183.1300048828125,28148800
2024-05-22,GOOG,177.76127849578114,178.21167129439203,176.14708335541994,177.3627166748047,16189400
2024-05-22,MSFT,427.60118209872775,429.9077641693655,424.6583193119375,428.0286865234375,18073700
2024-05-23,AAPL,190.34028576334703,190.3602230291439,186.00486572472462,186.2540283203125,51005900
2024-05-23,AMZN,183.66000366210938,184.75999450683594,180.0800018310547,181.0500030517578,33670200
2024-05-23,GOOG,178.13992556483848,179.2658847721692,173.91510025941275,174.43324279785156,14928400
2024-05-23,MSFT,430.46453792464195,431.090897164325,422.9582395726222,424.5290832519531,17211700
2024-05-24,AAPL,188.1875250894915,189.94162421863646,187.41012383078694,189.3436279296875,36294600
2024-05-24,AMZN,181.64999389648438,182.44000244140625,180.3000030517578,180.75,27434100
2024-05-24,GOOG,175.88803741545732,176.66922717761628,174.57275590621543,175.69871520996094,11400600
2024-05-24,MSFT,424.71796179341015,428.565562226306,421.95405016489985,427.6707763671875,11845800
2024-05-28,AAPL,190.868504773859,192.35351928350596,188.4665889665476,189.35360717773438,52280100
2024-05-28,AMZN,179.92999267578125,182.24000549316406,179.49000549316406,182.14999389648438,29927000
2024-05-28,GOOG,175.1108088844646,177.87088059052832,175.05101092915075,177.3826446533203,15655300
2024-05-28,MSFT,427.14385491376675,428.3269711402922,424.13138989907134,427.8298645019531,15718000
2024-05-29,AAPL,188.97487295416659,191.6060292626522,188.8752018363686,189.652587890625,53068000
2024-05-29,AMZN,181.6999969482422,184.0800018310547,181.5500030517578,182.02000427246094,32009300
2024-05-29,GOOG,176.1769780421048,177.59189229856364,175.6289441248456,176.76486206054688,15023800
2024-05-29,MSFT,423.22665032702537,428.44627000677747,423.22665032702537,426.6865234375,15517100
2024-05-30,AAPL,190.12102272627732,191.53626445370173,189.99146851693155,190.6492462158203,49947900
2024-05-30,AMZN,181.30999755859375,181.33999633789062,178.36000061035156,179.32000732421875,29249200
2024-05-30,GOOG,176.05741265584328,176.05741265584328,172.60979354101923,172.93861389160156,18844000
2024-05-30,MSFT,421.84466424386284,421.84466424386284,411.84288150879064,412.2704162597656,28424800
2024-05-31,AAPL,190.79874896001851,191.92496874276912,189.27387511297837,191.6060333251953,75158300
2024-05-31,AMZN,178.3000030517578,179.2100067138672,173.8699951171875,176.44000244140625,58903900
2024-05-31,GOOG,172.7791808817384,173.79553329751116,170.35788815481504,173.33718872070312,28085200
2024-05-31,MSFT,414.3383733012913,414.3383733012913,402.1692127903504,412.7277526855469,47995300
2024-06-03,AAPL,192.25384615761888,194.33685694398167,191.8751293663799,193.38006591796875,50080500
2024-06-03,AMZN,177.6999969482422,178.6999969482422,175.9199981689453,178.33999633789062,30786600
2024-06-03,GOOG,173.2574874590525,175.2303944943627,171.8325991749905,173.79554748535156,20742800
2024-06-03,MSFT,413.1254536486165,414.02023955543035,406.55371826249007,411.1270751953125,17484700
2024-06-04,AAPL,193.98802704232938,194.66575720064256,192.38341934135104,193.69900512695312,47471400
2024-06-04,AMZN,177.63999938964844,179.82000732421875,176.44000244140625,179.33999633789062,27198400
2024-06-04,GOOG,173.8254326052945,174.5627887373081,172.5998404976284,174.5030059814453,14066600
2024-06-04,MSFT,410.04337212748766,414.03017705380546,407.30928563189894,413.6623229980469,14348900
2024-06-05,AAPL,194.74547082752238,196.24044634116564,194.2172473626493,195.21389770507812,54156800
2024-06-05,AMZN,180.10000610351562,181.5,178.75,181.27999877929688,32116400
2024-06-05,GOOG,175.90297741856628,177.33283743447652,174.66242439787212,176.43606567382812,15233900
2024-06-05,MSFT,415.39223173706347,421.6259378345122,413.89096003424896,421.5563659667969,16988000
2024-06-06,AAPL,195.03449048507352,195.84177475695034,193.51957784203586,193.8285369873047,41181800
2024-06-06,AMZN,181.75,185.0,181.49000549316406,185.0,31371200
2024-06-06,GOOG,176.79475199215472,178.07018328196713,176.57555363120218,177.7114715576172,14255800
2024-06-06,MSFT,421.5563568996983,422.848821948627,418.14618249774657,422.0633850097656,14861300
2024-06-07,AAPL,193.99798178181695,196.28031956711487,193.48969558531903,196.23048400878906,53103900
2024-06-07,AMZN,184.89999389648438,186.2899932861328,183.36000061035156,184.3000030517578,28021500
2024-06-07,GOOG,177.8210764198521,178.7776308716826,175.1606222905612,175.32005310058594,14716300
2024-06-07,MSFT,423.73371564550735,423.81323935854607,420.55222098628695,421.3973083496094,13621700
2024-06-10,AAPL,196.2404356269631,196.63910486677477,191.50634675889475,192.4730987548828,97262100
2024-06-10,AMZN,184.07000732421875,187.22999572753906,183.7899932861328,187.05999755859375,34494500
2024-06-10,GOOG,176.0183236783107,178.03338614366115,173.9533957118273,176.19789123535156,17122200
2024-06-10,MSFT,422.24237348386436,425.6027887352665,421.4370631899479,425.3940124511719,14003000
2024-06-11,AAPL,193.00132161576843,206.46607669963058,192.9813995595946,206.4561004638672,172373300
2024-06-11,AMZN,187.05999755859375,187.77000427246094,184.5399932861328,187.22999572753906,27265100
2024-06-11,GOOG,177.28523791690662,177.95359704345114,175.0108167866933,177.75408935546875,14402400
2024-06-11,MSFT,423.01786084549974,430.3153823959729,422.78918087724,430.1761779785156,14551100
2024-06-12,AAPL,206.67538853844061,219.46241499269527,206.20696163392407,212.35630798339844,198134300
2024-06-12,AMZN,188.02000427246094,188.35000610351562,185.42999267578125,186.88999938964844,33984200
2024-06-12,GOOG,179.31026516437785,181.63456695108104,177.34508329367728,179.1207275390625,18600400
2024-06-12,MSFT,432.8009161252906,440.8341457768561,430.7428874309175,438.5076904296875,22366200
2024-06-13,AAPL,214.02069454325613,216.02395620562416,210.89121315624297,213.52236938476562,97862700
2024-06-13,AMZN,186.08999633789062,187.6699981689453,182.6699981689453,183.8300018310547,39721500
2024-06-13,GOOG,177.40493229645702,178.07329139591778,176.22782633003789,176.30763244628906,15956900
2024-06-13,MSFT,438.2989324414096,440.8242426789463,436.8274858579273,439.0246887207031,15960600
2024-06-14,AAPL,213.13367378271622,214.44924427717243,210.59221246372425,211.77822875976562,70122700
2024-06-14,AMZN,183.0800018310547,183.72000122070312,182.22999572753906,183.66000366210938,25456400
2024-06-14,GOOG,175.42180930133733,178.29275944891629,175.42180930133733,177.9336395263672,12361600
2024-06-14,MSFT,435.74378876375306,440.5756810111054,434.19281849694386,440.00897216796875,13582000
2024-06-17,AAPL,212.65527993528355,218.21659070332575,212.0074632920053,215.94422912597656,93728300
2024-06-17,AMZN,182.52000427246094,185.0,181.22000122070312,184.05999755859375,35601900
2024-06-17,GOOG,176.54703653660326,179.47984663362533,176.05824500140648,178.34263610839844,15272900
2024-06-17,MSFT,440.0288392462003,448.3305259626429,438.16966532085047,445.775390625,20790000
2024-06-18,AAPL,216.86113841241473,217.89766325641614,212.28651711595563,213.5721893310547,79943300
2024-06-18,AMZN,183.74000549316406,184.2899932861328,181.42999267578125,182.80999755859375,36659200
2024-06-18,GOOG,178.3526129863349,178.47232977667358,175.1903696963065,176.01834106445312,15640300
2024-06-18,MSFT,447.10763493198164,447.53516969127554,442.3155500964385,443.75714111328125,17112500
2024-06-20,AAPL,213.21339445126264,213.5223688231627,208.1504242370716,208.97763061523438,86172500
2024-06-20,AMZN,182.91000366210938,186.50999450683594,182.72000122070312,186.10000610351562,44726800
2024-06-20,GOOG,176.27771488940562,178.30274761221096,176.02832647308514,177.2752685546875,16753200
2024-06-20,MSFT,443.7173532757514,443.946033241849,438.7164619327626,443.120849609375,19877400
2024-06-21,AAPL,209.68527826262047,211.18025387128242,206.4162661482939,206.7949981689453,246421400
2024-06-21,AMZN,187.8000030517578,189.27999877929688,185.86000061035156,189.0800018310547,72931800
2024-06-21,GOOG,178.05335650155095,182.065505227205,177.62440051681108,179.8190155029297,59728000
2024-06-21,MSFT,444.79114029939626,447.97260457820744,443.9261796037789,447.17724609375,34486200
2024-06-24,AAPL,207.02420349475855,211.98751777765062,205.89798377862786,207.4427947998047,80727000
2024-06-24,AMZN,189.3300018310547,191.0,185.3300018310547,185.57000732421875,50610400
2024-06-24,GOOG,180.83652405229552,181.63457001481368,179.78908967783175,180.34771728515625,18198300
2024-06-24,MSFT,447.19708588858595,450.1300269693388,443.82671891288334,445.0794372558594,15913700
2024-06-25,AAPL,208.44940858434205,210.67194975002218,207.91122410230182,208.36968994140625,56713900
2024-06-25,AMZN,186.80999755859375,188.83999633789062,185.4199981689453,186.33999633789062,45898500
2024-06-25,GOOG,180.70185910437223,185.29558937298282,180.66194843459428,185.12600708007812,18917700
2024-06-25,MSFT,445.65606632861267,448.80773551860256,444.1647465305247,448.3404541015625,16747500
2024-06-26,AAPL,210.79155216910215,214.1402980033581,209.9344322470105,212.5356903076172,66213200
2024-06-26,AMZN,186.9199981689453,194.8000030517578,186.25999450683594,193.61000061035156,65103900
2024-06-26,GOOG,183.74936803379498,185.47513148060867,183.53989030414039,184.91650390625,13375700
2024-06-26,MSFT,446.4017395883299,450.9751265075422,445.59642930053803,449.54345703125,16507000
2024-06-27,AAPL,213.97087836680484,215.01736433595826,211.63872006367095,213.3828582763672,49772700
2024-06-27,AMZN,195.00999450683594,199.83999633789062,194.1999969482422,197.85000610351562,74397500
2024-06-27,GOOG,185.19085376197464,187.04131154215597,184.99632349166956,186.4028778076172,13025700
2024-06-27,MSFT,449.56335593650766,453.5302875755873,449.1557248487335,450.2294921875,14806300
2024-06-28,AAPL,215.04724812174294,215.34624626528088,209.5955695452833,209.91448974609375,82542700
2024-06-28,AMZN,197.72999572753906,198.85000610351562,192.5,193.25,76930200
2024-06-28,GOOG,185.26565932683323,186.1235560479781,182.87651414746847,182.97128295898438,23032400
2024-06-28,MSFT,450.44819707911165,452.7448272217048,443.8267333016812,444.3636169433594,28362300
2024-07-01,AAPL,211.37956216985054,216.78140506529675,211.2101334408119,216.02395629882812,60402900
2024-07-01,AMZN,193.49000549316406,198.3000030517578,192.82000732421875,197.1999969482422,41192000
2024-07-01,GOOG,184.02869575189413,184.8865925121617,182.282976839143,184.03868103027344,11815900
2024-07-01,MSFT,446.06369781193524,454.7232862857242,443.08105821287796,454.0870056152344,17662800
2024-07-02,AAPL,215.42595595595571,219.64179766849512,214.3794853085834,219.53216552734375,58046200
2024-07-02,AMZN,197.27999877929688,200.42999267578125,195.92999267578125,200.0,45600000
2024-07-02,GOOG,183.0211702914934,186.4926527487123,182.6121696398131,186.1534881591797,12555500
2024-07-02,MSFT,450.57745029839504,456.9304570935814,450.48794440717063,456.62225341796875,13979800
2024-07-03,AAPL,219.26306558331447,220.80787658691406,218.29631357753755,220.80787658691406,37369800
2024-07-03,AMZN,199.94000244140625,200.02999877929688,196.75999450683594,197.58999633789062,31597900
2024-07-03,GOOG,185.84423458442643,187.16099739193504,184.93146453674171,186.9315643310547,7409100
2024-07-03,MSFT,455.5385808076234,458.3521910129211,455.23037712106725,458.1036376953125,9932800
2024-07-05,AAPL,220.90754038733803,225.69146503075916,220.90754038733803,225.5818328857422,60412400
2024-07-05,AMZN,198.64999389648438,200.5500030517578,198.1699981689453,200.0,39858900
2024-07-05,GOOG,186.86175397018982,191.78965613462003,186.86175397018982,191.4904022216797,14303400
2024-07-05,MSFT,456.95033221316646,465.6397765538939,456.3140515175161,464.8543395996094,16000300
2024-07-08,AAPL,226.32931907748747,227.08678305881674,222.50218547217585,227.056884765625,59085900
2024-07-08,AMZN,200.0399932861328,201.1999969482422,197.9600067138672,199.2899932861328,34767300
2024-07-08,GOOG,190.89686758554637,191.2100948172414,188.85687211373173,190.01402282714844,12097600
2024-07-08,MSFT,463.8501958785038,464.99356542878803,461.77229375422786,463.5419921875,12962300
2024-07-09,AAPL,227.1664984715379,228.631575647805,225.6117264169712,227.9139862060547,48076100
2024-07-09,AMZN,199.39999389648438,200.57000732421875,199.0500030517578,199.33999633789062,32700100
2024-07-09,GOOG,191.28091395049435,192.38819911990063,189.76462812809547,189.97412109375,10198500
2024-07-09,MSFT,464.29759021110544,464.6256672353131,455.3496709136752,456.8807678222656,17207200
2024-07-10,AAPL,228.53191911989683,232.2992560750062,228.48208356286247,232.1995849609375,62627700
2024-07-10,AMZN,200.0,200.11000061035156,197.69000244140625,199.7899932861328,32883800
2024-07-10,GOOG,190.2833590576902,192.83709397055367,190.15367221210454,192.18869018554688,12052900
2024-07-10,MSFT,458.55104934272356,463.7607172108967,456.20469022907776,463.55194091796875,18196100
2024-07-11,AAPL,230.61492037011672,231.61157070495582,225.01375035477759,226.80772399902344,64710600
2024-07-11,AMZN,200.08999633789062,200.27000427246094,192.86000061035156,195.0500030517578,44565000
2024-07-11,GOOG,190.87190681971475,191.9392965040128,186.36297539734664,186.841796875,16452000
2024-07-11,MSFT,460.3008712942663,462.0904430463112,448.93699054354346,452.06878662109375,23111200
2024-07-12,AAPL,228.1531925563972,231.86073301422448,227.91399100155513,229.76776123046875,53046500
2024-07-12,AMZN,194.8000030517578,196.47000122070312,193.8300018310547,194.49000549316406,30598500
2024-07-12,GOOG,186.46273124656832,188.22840551467343,185.68464059719207,186.3230743408203,14449100
2024-07-12,MSFT,451.70090017355875,453.71915189160546,448.0422026334216,450.9254150390625,16324300
2024-07-15,AAPL,235.68787221439834,236.43535998230433,232.3092281117703,233.61483764648438,62631300
2024-07-15,AMZN,194.55999755859375,196.19000244140625,190.8300018310547,192.72000122070312,40683200
2024-07-15,GOOG,186.0337913045147,189.43543778576466,186.0337913045147,187.72962951660156,12186000
2024-07-15,MSFT,450.67685394437046,454.6139602586164,448.8176800220224,451.3330383300781,14429400
2024-07-16,AAPL,234.21283703260292,235.4785872610991,231.55178236868576,234.033447265625,43234300
2024-07-16,AMZN,195.58999633789062,196.6199951171875,192.24000549316406,193.02000427246094,33994700
2024-07-16,GOOG,188.4977459684165,189.87435966626694,184.66712835226258,185.04620361328125,12760100
2024-07-16,MSFT,451.5915769633523,451.671100679191,444.0753266658107,446.91876220703125,17175700
2024-07-17,AAPL,228.68140979310064,230.68468664215072,225.88082486496336,228.1133270263672,57345900
2024-07-17,AMZN,191.35000610351562,191.5800018310547,185.99000549316406,187.92999267578125,48076100
2024-07-17,GOOG,184.22820643773866,184.77686400639317,181.17569461035697,182.17324829101562,17376600
2024-07-17,MSFT,440.0288496296795,442.2757813397234,436.63857872187197,440.9534606933594,21778000
2024-07-18,AAPL,229.50863493701104,229.66810263837593,221.52547133243425,223.42906188964844,66034600
2024-07-18,AMZN,189.58999633789062,189.67999267578125,181.4499969482422,183.75,51043600
2024-07-18,GOOG,183.0909943853675,183.59975650016696,177.77404670489432,178.7815704345703,17877200
2024-07-18,MSFT,441.7687136228689,442.07691730431753,431.886231451246,437.8216857910156,20794800
2024-07-19,AAPL,224.06694094221692,226.04030439428965,222.53209087352224,223.5586395263672,49151500
2024-07-19,AMZN,181.13999938964844,184.92999267578125,180.11000061035156,183.1300048828125,43081800
2024-07-19,GOOG,179.92873963249403,181.52483149590412,178.42243916222756,178.95114135742188,14485900
2024-07-19,MSFT,430.59379165551553,438.587275182443,429.50015094371236,434.58056640625,20940400
2024-07-22,AAPL,226.24959507146193,227.01702011468987,222.34272744507626,223.20982360839844,48201800
2024-07-22,AMZN,185.0,185.05999755859375,182.47999572753906,182.5500030517578,39931900
2024-07-22,GOOG,181.90390513973452,183.84913161641725,181.4549938423416,182.90145874023438,16303900
2024-07-22,MSFT,439.23349185507885,442.0272287343498,436.37015276462773,440.3768310546875,15808800
2024-07-23,AAPL,223.61843101438217,226.17982967750157,221.93408951337017,224.25628662109375,39960300
2024-07-23,AMZN,184.10000610351562,189.38999938964844,183.55999755859375,186.41000366210938,47537700
2024-07-23,GOOG,183.39026679142356,184.76689575505398,182.88151988904164,183.15086364746094,23772600
2024-07-23,MSFT,441.3312421408644,445.79528012902404,440.53588370152465,442.2757568359375,13107100
2024-07-24,AAPL,223.24965464543004,224.04697788212746,216.40267233593048,217.8079376220703,61777600
2024-07-24,AMZN,183.1999969482422,185.4499969482422,180.41000366210938,180.8300018310547,41532400
2024-07-24,GOOG,174.96092936785044,177.5146642078622,173.1453896887478,173.94342041015625,31250700
2024-07-24,MSFT,437.90124163761953,438.9252800797557,425.11564336198785,426.4180603027344,26805800
2024-07-25,AAPL,218.19665359620475,220.11023564894725,213.9010930254534,216.76148986816406,51391200
2024-07-25,AMZN,182.91000366210938,183.89999389648438,176.8000030517578,179.85000610351562,44464200
2024-07-25,GOOG,173.82371419718618,174.7713870696077,168.63643853946746,168.7461700439453,28967900
2024-07-25,MSFT,426.31866388501027,427.31287721528406,415.09401723172687,415.9788513183594,29943800
2024-07-26,AAPL,217.96741565742542,218.75477790382115,215.2864239407029,217.2299041748047,41601300
2024-07-26,AMZN,180.38999938964844,183.19000244140625,180.24000549316406,182.5,29506000
2024-07-26,GOOG,168.35714064363887,169.42451517754185,165.45924838983456,168.26734924316406,25150100
2024-07-26,MSFT,415.7799870015666,426.4379540941027,414.8553456338981,422.8090515136719,23583800
2024-07-29,AAPL,216.23326096996,218.5654190781,215.0273073866339,217.50897216796875,36311800
2024-07-29,AMZN,183.83999633789062,184.75,182.3800048828125,183.1999969482422,33270100
2024-07-29,GOOG,170.08290106191825,171.7388438104518,169.30481041553955,170.71136474609375,13768900
2024-07-29,MSFT,429.0825299821325,429.6492388018038,422.2423684855505,424.2606201171875,15125800
2024-07-30,AAPL,218.45580119769897,219.5919820328496,215.39607720378967,218.06710815429688,41643800
2024-07-30,AMZN,184.72000122070312,185.86000061035156,179.3800048828125,181.7100067138672,39508600
2024-07-30,GOOG,171.40964980277923,172.5269050479179,169.70382632107683,171.4395751953125,13681400
2024-07-30,MSFT,425.2448982961915,426.5671885866718,414.9448331085773,420.4726867675781,32687600
2024-07-31,AAPL,220.6982497488722,223.07028238181744,219.89096542123676,221.3361053466797,50036300
2024-07-31,AMZN,185.0500030517578,187.94000244140625,184.4600067138672,186.97999572753906,41667300
2024-07-31,GOOG,174.49208414998458,175.47966775180512,171.2999154864961,172.72640991210938,15650200
2024-07-31,MSFT,418.0666600260145,419.3392517370681,409.82462391670987,415.9291076660156,42891400
2024-08-01,AAPL,223.618417993468,223.72805013234773,216.29304757526307,217.62855529785156,62501000
2024-08-01,AMZN,189.2899932861328,190.60000610351562,181.8699951171875,184.07000732421875,70435600
2024-08-01,GOOG,171.55927052033985,175.25021593921025,170.0928654537449,172.0281219482422,17177800
2024-08-01,MSFT,418.3549862264431,424.98637136355273,410.6995323530128,414.6962585449219,30296400
2024-08-02,AAPL,218.41592196270943,224.84432899946665,216.98075820790513,219.12355041503906,105568600
2024-08-02,AMZN,166.75,168.77000427246094,160.5500030517578,167.89999389648438,141448400
2024-08-02,GOOG,167.77855935624635,169.7936220936705,165.98295965069318,167.988037109375,18907800
2024-08-02,MSFT,410.1030126570464,412.59849761680636,402.0001807599968,406.12615966796875,29437900
2024-08-05,AAPL,198.423121913284,212.7848576409039,195.3434758670593,208.56903076171875,119548600
2024-08-05,AMZN,154.2100067138672,162.9600067138672,151.61000061035156,161.02000427246094,83149400
2024-08-05,GOOG,156.98501970001928,165.53406215007433,156.21691431633374,160.2470245361328,34907800
2024-08-05,MSFT,386.91799678720787,398.7193036046689,383.34874440032485,392.8633728027344,40709200
2024-08-06,AAPL,204.61231506511243,209.28660752946874,200.39648844230862,206.5358428955078,69660500
2024-08-06,AMZN,161.7100067138672,165.0800018310547,158.5399932861328,161.92999267578125,59950800
2024-08-06,GOOG,160.55127052384475,161.95283210597046,157.74315472075523,160.14724731445312,36146500
2024-08-06,MSFT,397.6853041219084,403.3225066578681,396.1939842314513,397.29754638671875,24946500
2024-08-07,AAPL,206.20693999643444,212.92436846093156,205.69865382063958,209.11717224121094,63516400
2024-08-07,AMZN,166.5500030517578,167.5800018310547,161.42999267578125,162.77000427246094,48408200
2024-08-07,GOOG,162.84066457588162,164.38686056827336,159.84800360253888,160.35675048828125,19334200
2024-08-07,MSFT,406.27532907710327,407.70696828580475,395.1699533956427,396.1243896484375,20650900
2024-08-08,AAPL,212.39614722358988,213.4824924067945,208.13048513245963,212.59547424316406,47161100
2024-08-08,AMZN,165.1699981689453,166.69000244140625,162.5500030517578,165.8000030517578,44616200
2024-08-08,GOOG,161.94683608660438,165.09512109894575,161.63360888296103,163.43917846679688,15733600
2024-08-08,MSFT,400.11118789524573,403.51138026295973,397.62565473832814,400.3597412109375,20203000
2024-08-09,AAPL,211.38955402452135,216.05387055494424,211.259984607228,215.51568603515625,42201600
2024-08-09,AMZN,166.39999389648438,168.5500030517578,165.85000610351562,166.94000244140625,36401000
2024-08-09,GOOG,161.24956379559694,165.11508418405717,160.53630136851285,164.9853973388672,13549200
2024-08-09,MSFT,401.6919660750819,405.68869229684987,399.93221959838144,403.6704406738281,19276700
2024-08-12,AAPL,215.59550663031672,219.02793942662467,215.12653755613,217.0522918701172,38028100
2024-08-12,AMZN,168.13999938964844,168.5500030517578,166.11000061035156,166.8000030517578,30072800
2024-08-12,GOOG,165.5889150879175,166.29219224550243,163.1499043019161,163.54891967773438,12435000
2024-08-12,MSFT,404.7044554196647,406.39463013243375,401.9007666876047,404.4559020996094,16762900
2024-08-13,AAPL,218.52904142421028,221.4027217224782,218.52904142421028,220.78408813476562,44155300
2024-08-13,AMZN,167.80999755859375,171.0399932861328,167.10000610351562,170.22999572753906,39237900
2024-08-13,GOOG,164.7808905421758,166.13257142097672,164.36691249169496,165.52406311035156,12717600
2024-08-13,MSFT,407.21979148714996,412.5487901543895,407.19991814538804,411.6142272949219,19414300
2024-08-14,AAPL,220.08562480803565,222.54021400164925,219.21752501736546,221.23309326171875,41960600
2024-08-14,AMZN,172.11000061035156,172.27999877929688,168.86000061035156,170.10000610351562,28843800
2024-08-14,GOOG,163.80829614884786,164.5564614072886,159.13973702101785,161.6336212158203,22515900
2024-08-14,MSFT,412.3996465083127,415.30276256625774,410.0632696291805,414.4477233886719,18267000
2024-08-15,AAPL,224.10676986474735,224.8551228159093,222.27079905335071,224.22650146484375,46414000
2024-08-15,AMZN,174.86000061035156,177.91000366210938,173.99000549316406,177.58999633789062,51698500
2024-08-15,GOOG,161.81318526118642,163.1199781153064,161.0949454110431,162.7708282470703,18392500
2024-08-15,MSFT,418.1229861127925,419.42775054091777,415.991550712489,419.34808349609375,20752100
2024-08-16,AAPL,223.42826155403992,226.33187474025672,223.15885022096822,225.5535888671875,44340200
2024-08-16,AMZN,177.0399932861328,178.33999633789062,176.25999450683594,177.05999755859375,31489200
2024-08-16,GOOG,163.0102422030154,166.5415753529905,162.68104767879953,164.3369903564453,16853100
2024-08-16,MSFT,418.919805326896,419.6568394696199,415.6329698343419,416.7983093261719,22775600
2024-08-19,AAPL,225.22429606357244,225.49370737790127,222.55017371179113,225.3939208984375,40687800
2024-08-19,AMZN,177.63999938964844,178.3000030517578,176.16000366210938,178.22000122070312,31129800
2024-08-19,GOOG,166.59146801697892,168.05787317472556,165.68369049619074,167.988037109375,13100800
2024-08-19,MSFT,417.28632868553893,420.0651916950313,414.79631569386714,419.8460693359375,15234000
2024-08-20,AAPL,225.27420804373648,226.6711275207631,224.95490346311303,226.0125732421875,30299000
2024-08-20,AMZN,177.9199981689453,179.00999450683594,177.42999267578125,178.8800048828125,26255200
2024-08-20,GOOG,168.3272136082098,169.99312642887023,168.2474074871561,168.5466766357422,12622500
2024-08-20,MSFT,420.015435317403,424.15879050030776,419.9556774327427,423.10302734375,16387600
2024-08-21,AAPL,226.0225636042008,227.47934890039068,224.55579052395228,225.90281677246094,34765500
2024-08-21,AMZN,179.9199981689453,182.38999938964844,178.88999938964844,180.11000061035156,35599100
2024-08-21,GOOG,166.58149119310136,168.2274486438132,166.16252048240128,167.2199249267578,15269600
2024-08-21,MSFT,422.38589043229285,424.69662989295495,420.03533264675815,422.4456787109375,16067300
2024-08-22,AAPL,227.28974628083643,227.8385414771675,223.4082896744648,224.0369110107422,43695300
2024-08-22,AMZN,181.3800048828125,181.47000122070312,175.67999267578125,176.1300048828125,32047500
2024-08-22,GOOG,168.6264625881714,169.00553784668986,164.62627792452696,165.0851593017578,19123800
2024-08-22,MSFT,422.66475709775676,425.0850728631847,412.95370628251766,413.88995361328125,19361900
2024-08-23,AAPL,225.16444130741013,227.7188169640382,223.83736023691762,226.3418426513672,38677300
2024-08-23,AMZN,177.33999633789062,178.97000122070312,175.24000549316406,177.0399932861328,29150100
2024-08-23,GOOG,166.14256413595498,167.53913316312168,165.25474199265742,167.02040100097656,14281600
2024-08-23,MSFT,415.3142739439322,417.58516466451346,410.44379375355777,415.1250305175781,18493800
2024-08-26,AAPL,226.2620154817008,226.7808777924977,223.39832305195915,226.68109130859375,30602200
2024-08-26,AMZN,176.6999969482422,177.47000122070312,174.3000030517578,175.5,22366200
2024-08-26,GOOG,167.7436359619194,168.96564529480256,165.9131335036615,167.51918029785156,11990300
2024-08-26,MSFT,414.70672647734364,415.6130949578331,409.6968209788455,411.8382263183594,13152800
2024-08-27,AAPL,225.50369501854036,228.34744239539063,224.39613201364162,227.52923583984375,35934600
2024-08-27,AMZN,174.14999389648438,174.88999938964844,172.25,173.1199951171875,29842000
2024-08-27,GOOG,167.19997875058417,167.83341987977147,165.75352890838104,165.97299194335938,13718200
2024-08-27,MSFT,411.2107324794244,412.7047404254691,408.61117324322794,412.18682861328125,13492900
2024-08-28,AAPL,227.4194670399241,229.35520907583674,225.18438078371824,225.99261474609375,38052200
2024-08-28,AMZN,173.69000244140625,173.69000244140625,168.9199981689453,170.8000030517578,29045000
2024-08-28,GOOG,166.37198565286047,166.9804939484382,162.88054810611015,164.09756469726562,15208700
2024-08-28,MSFT,413.22264841837114,413.3421641808517,405.6828816466664,408.9597473144531,14882700
2024-08-29,AAPL,229.59470189609323,232.4085012026452,228.37737982242845,229.28536987304688,51906300
2024-08-29,AMZN,173.22000122070312,174.2899932861328,170.80999755859375,172.1199951171875,26407800
2024-08-29,GOOG,165.65375574655528,167.2199222744975,161.5857290623454,163.00025939941406,17133800
2024-08-29,MSFT,413.2824329478728,420.3640158924635,408.95977368399144,411.4696960449219,17045200
2024-08-30,AAPL,229.6844899472923,229.89402024722435,226.98043458769098,228.49710083007812,52990800
2024-08-30,AMZN,172.77999877929688,178.89999389648438,172.60000610351562,178.5,43429400
2024-08-30,GOOG,163.818263057649,164.87566750049032,163.01024702949522,164.70608520507812,18498800
2024-08-30,MSFT,413.93977626013776,415.822210323597,410.48363692465733,415.4736328125,24308300
2024-09-03,AAPL,228.04809790202157,228.4971066385697,220.68429981162342,222.28079223632812,50190600
2024-09-03,AMZN,177.5500030517578,178.25999450683594,175.25999450683594,176.25,37817500
2024-09-03,GOOG,162.91547660800205,162.98032003061525,157.4688269874829,158.22198486328125,26533100
2024-09-03,MSFT,416.2405478075573,418.20267931936957,405.4040060811421,407.80438232421875,20313600
2024-09-04,AAPL,221.17322424578342,221.29295584608857,217.0023958735564,220.36500549316406,43840200
2024-09-04,AMZN,174.47999572753906,175.97999572753906,172.5399932861328,173.3300018310547,30309200
2024-09-04,GOOG,157.68828603797215,160.00759516901627,157.05484496658457,157.42393493652344,17410700
2024-09-04,MSFT,404.2884945573242,409.5971891641853,402.7546379619835,407.26654052734375,15135800
2024-09-05,AAPL,221.14329437614535,224.98483044961614,221.03353533260162,221.8916473388672,36615400
2024-09-05,AMZN,175.0,179.8800048828125,175.0,177.88999938964844,40170500
2024-09-05,GOOG,157.39400436434443,160.62109083996646,157.13464591041972,158.21200561523438,14139500
2024-09-05,MSFT,405.9916624475026,411.4497822581618,404.50762432491115,406.75860595703125,14195500
2024-09-06,AAPL,223.45818364879955,224.74535922490057,219.2873705935476,220.33506774902344,48423000
2024-09-06,AMZN,177.24000549316406,178.3800048828125,171.16000366210938,171.38999938964844,41466500
2024-09-06,GOOG,158.3017925853155,158.83049480687922,151.563312747768,151.75784301757812,24999100
2024-09-06,MSFT,407.42592125419515,409.00956601687597,399.1989078370585,400.0953369140625,19609500
2024-09-09,AAPL,220.3350822772696,220.7840910234286,216.23410730849415,220.4248809814453,67180000
2024-09-09,AMZN,174.52999877929688,175.85000610351562,173.50999450683594,175.39999389648438,29037400
2024-09-09,GOOG,153.45590582289756,154.46475576754793,148.0320513690712,149.3705291748047,28057700
2024-09-09,MSFT,405.6131601713445,407.01753119323797,400.5434971977151,404.0992431640625,15295100
2024-09-10,AAPL,218.43922835246784,220.9936039050013,216.25403537150672,219.62661743164062,51591000
2024-09-10,AMZN,177.49000549316406,180.5,176.7899932861328,179.5500030517578,36233800
2024-09-10,GOOG,151.2783669028401,152.12740974066355,149.37353031894136,149.83999633789062,20401800
2024-09-10,MSFT,406.56934824108026,414.66684525245614,406.0713456246143,412.5453796386719,19594300
2024-09-11,AAPL,220.97367404683663,222.6000841658612,217.41150656335964,222.17103576660156,44587100
2024-09-11,AMZN,180.10000610351562,184.99000549316406,175.72999572753906,184.52000427246094,42564700
2024-09-11,GOOG,150.91877326605726,152.30719743582938,148.53148234849232,151.97756958007812,18991500
2024-09-11,MSFT,413.84017908445105,422.29625388353406,407.9438146629927,421.3500671386719,19266900
2024-09-12,AAPL,222.01138090428717,223.0590781064196,219.33727360197898,222.28079223632812,37498200
2024-09-12,AMZN,184.8000030517578,187.41000366210938,183.5399932861328,187.0,33622500
2024-09-12,GOOG,154.63457050017044,155.43366700723274,153.32605740008628,155.36373901367188,21024100
2024-09-12,MSFT,421.6189886086143,425.6627675750461,418.07321227741465,425.29425048828125,17418800
2024-09-13,AAPL,223.08899783711732,223.54797910505988,221.42266715079168,222.01136779785156,36766600
2024-09-13,AMZN,187.0,188.5,185.91000366210938,186.49000549316406,26495400
2024-09-13,GOOG,156.18481627479954,159.09450976947784,155.93310292862597,158.19053649902344,16733900
2024-09-13,MSFT,424.12887859450143,430.1049097614262,423.7603615358477,428.869873046875,15874600
2024-09-16,AAPL,216.0644583037111,216.74297289953918,213.4502168549942,215.84495544433594,59357400
2024-09-16,AMZN,185.2899932861328,185.80999755859375,183.36000061035156,184.88999938964844,26065500
2024-09-16,GOOG,158.1505891958853,159.05956168163425,157.43140384908375,158.80984497070312,14157600
2024-09-16,MSFT,428.879848197679,431.79813615912246,426.50935094179886,429.61688232421875,13834700
2024-09-17,AAPL,215.27619443719672,216.42366284814068,214.02893954474482,216.31390380859375,45519300
2024-09-17,AMZN,186.85000610351562,189.4499969482422,186.13999938964844,186.8800048828125,26091700
2024-09-17,GOOG,159.9085862777894,161.40688651455386,159.22936415304198,160.09837341308594,12064800
2024-09-17,MSFT,438.47140586333086,440.08492951868885,430.5431821213062,433.41168212890625,18874200
2024-09-18,AAPL,217.07224903728172,222.22092099435915,217.06226125375574,220.20535278320312,59894900
2024-09-18,AMZN,186.4499969482422,188.8000030517578,185.05999755859375,186.42999267578125,34448100
2024-09-18,GOOG,160.66772504660898,161.4468399030182,159.47907115910084,160.6277618408203,16756500
2024-09-18,MSFT,433.2622842089649,434.28816840172493,428.6906237541022,429.0890197753906,18898000
2024-09-19,AAPL,224.49591687958383,229.31531179988679,224.1367068474718,228.3673858642578,66781300
2024-09-19,AMZN,190.0399932861328,190.99000549316406,188.47000122070312,189.8699951171875,39543200
2024-09-19,GOOG,164.63323457867423,164.80304010702167,162.33783450864624,163.05502319335938,17548200
2024-09-19,MSFT,439.4673922763036,439.73630274210893,435.15467267064554,436.9375305175781,21706600
2024-09-20,AAPL,229.46496974860833,232.57811312113958,227.12012443578536,227.6988525390625,318679900
2024-09-20,AMZN,190.22999572753906,191.83999633789062,187.41000366210938,191.60000610351562,100378600
2024-09-20,GOOG,164.3335710364531,164.563306133998,162.99507793413136,164.45343017578125,46362700
2024-09-20,MSFT,435.47341133704515,437.4853309751932,432.4853956233,433.53118896484375,55167100
2024-09-23,AAPL,226.8407407931877,228.94610768522742,225.31410200503296,225.97265625,54146000
2024-09-23,AMZN,191.63999938964844,194.4499969482422,190.57000732421875,193.8800048828125,36993100
2024-09-23,GOOG,165.15264014819059,166.42120530630135,162.76534900330415,162.88522338867188,15648400
2024-09-23,MSFT,432.5451724016005,434.7164566201473,428.6707276626035,431.77825927734375,15128900
2024-09-24,AAPL,228.14786961487798,228.8463445678705,225.2342838755063,226.8706817626953,43556100
2024-09-24,AMZN,194.27000427246094,195.3699951171875,190.1300048828125,193.9600067138672,43478900
2024-09-24,GOOG,164.06386867184287,164.3635317542462,161.84638320015478,163.45455932617188,18774100
2024-09-24,MSFT,431.2702529601879,431.6188608604207,424.3978231376462,427.45556640625,17015800
2024-09-25,AAPL,224.43603888049125,226.79085685048213,223.52804884217394,225.8728790283203,42308700
2024-09-25,AMZN,193.75,193.9499969482422,192.16000366210938,192.52999877929688,26391100
2024-09-25,GOOG,162.78531624884735,164.03089711741433,162.590529915743,162.8052978515625,13607900
2024-09-25,MSFT,428.11292879639643,431.38979462226376,426.8579828341436,430.3838195800781,13396400
2024-09-26,AAPL,226.80083714120576,227.99819881641105,224.9149883158055,227.02035522460938,36636700
2024-09-26,AMZN,194.30999755859375,194.52999877929688,189.5399932861328,191.16000366210938,36334900
2024-09-26,GOOG,164.84298524503635,165.31245385597128,163.31472027463025,163.64434814453125,18234500
2024-09-26,MSFT,433.3519041012862,433.5610566850483,427.41572154773536,429.5870056152344,14492000
2024-09-27,AAPL,227.9582911728241,229.01596089620384,226.80083496693393,227.2897491455078,34026000
2024-09-27,AMZN,190.67999267578125,190.89999389648438,187.33999633789062,187.97000122070312,36002300
2024-09-27,GOOG,163.7242657889928,166.78079585063347,163.64435461360043,165.10269165039062,13604300
2024-09-27,MSFT,429.7961684722898,430.1248672217253,425.762359424982,426.3101501464844,14896100
2024-09-30,AAPL,229.5348054854851,232.48831176757812,229.1456625683617,232.48831176757812,54541900
2024-09-30,AMZN,187.13999938964844,188.49000549316406,184.64999389648438,186.3300018310547,41583900
2024-09-30,GOOG,164.59327657551455,167.1703548501229,164.45343582765975,167.00054931640625,14070100
2024-09-30,MSFT,426.49937695538483,428.70057032593814,423.67072584299484,428.5810241699219,16807300
2024-10-01,AAPL,229.0159547825387,229.14565893600417,223.24864947388588,225.71322631835938,63285000
2024-10-01,AMZN,184.89999389648438,186.19000244140625,183.4499969482422,185.1300048828125,36044900
2024-10-01,GOOG,168.66864505713036,170.24685639829178,165.71199268248043,168.22914123535156,18629500
2024-10-01,MSFT,426.73844000863045,426.7683189487975,417.13693529272734,419.0094299316406,19092900
2024-10-02,AAPL,225.3939223013361,226.8706678098605,222.53022998119604,226.28196716308594,32880600
2024-10-02,AMZN,184.44000244140625,186.60000610351562,184.0399932861328,184.75999450683594,23704100
2024-10-02,GOOG,167.56989413027304,168.68863534553668,166.0616107019645,167.1204071044922,12745000
2024-10-02,MSFT,420.89189457845896,421.1309565128566,415.0453484935869,415.46368408203125,16582300
2024-10-03,AAPL,224.64557310138042,226.3119038145279,222.82957789090332,225.17440795898438,34044200
2024-10-03,AMZN,183.0500030517578,183.44000244140625,180.8800048828125,181.9600067138672,30204300
2024-10-03,GOOG,165.6320988394479,167.71972677770228,165.1825965896487,167.02052307128906,11004300
2024-10-03,MSFT,415.9616796785687,417.8739927473743,412.63502577299244,414.87603759765625,13686400
2024-10-04,AAPL,227.39951613756347,227.49930262356304,223.63780617480538,226.30194091796875,37245100
2024-10-04,AMZN,185.75,187.60000610351562,183.60000610351562,186.50999450683594,40890300
2024-10-04,GOOG,169.14810293413436,169.3578716717171,166.77081027668547,168.36898803710938,11422100
2024-10-04,MSFT,416.5692334072243,418.07321108796054,413.3123071245128,414.39794921875,19169700
2024-10-07,AAPL,224.0069975750027,225.19438676879486,220.84396072803747,221.2031707763672,39505400
2024-10-07,AMZN,182.9499969482422,183.60000610351562,180.25,180.8000030517578,42364200
2024-10-07,GOOG,168.94832190836428,169.7074551533261,163.94400496527305,164.20370483398438,14034700
2024-10-07,MSFT,414.3382079936023,415.4437592952022,407.3661708398638,407.9040222167969,20919800
2024-10-08,AAPL,223.80742742544692,225.4837307412941,222.75973024040246,225.27420043945312,31855700
2024-10-08,AMZN,181.9199981689453,183.08999633789062,180.9199981689453,182.72000122070312,26372100
2024-10-08,GOOG,165.2425239919952,165.91177814667768,164.1237980764021,165.51222229003906,11723900
2024-10-08,MSFT,409.25856700863125,413.99956190900485,406.5394920239681,413.0533447265625,19229300
2024-10-09,AAPL,224.73538646570117,229.24546472466872,224.33627096325682,229.03591918945312,33591100
2024-10-09,AMZN,182.82000732421875,185.85000610351562,182.0500030517578,185.1699981689453,26343100
2024-10-09,GOOG,164.66817765222203,166.0715842494524,160.9374096441174,162.87521362304688,19666400
2024-10-09,MSFT,414.19871346026423,418.70067647812056,412.6449477589923,415.7923278808594,14974300
2024-10-10,AAPL,227.279775108536,228.99599906464633,226.67111410985407,228.53700256347656,28183500
2024-10-10,AMZN,187.1300048828125,188.1300048828125,185.8300018310547,186.64999389648438,27785000
2024-10-10,GOOG,161.9262918980673,164.12480167178114,161.45682329915618,162.9950714111328,12900500
2024-10-10,MSFT,413.5712539026246,415.68278008253634,411.4995460461954,414.1788024902344,13848400
2024-10-11,AAPL,228.79644988971887,228.9062089337624,226.84074743911052,227.05029296875,31759200
2024-10-11,AMZN,186.6300048828125,189.92999267578125,186.3000030517578,188.82000732421875,25751600
2024-10-11,GOOG,163.14491844125786,165.0827224976519,162.31585715725947,164.3335723876953,10946000
2024-10-11,MSFT,414.4776477330423,415.46368322393135,411.59917791222887,414.65692138671875,14144900
2024-10-14,AAPL,228.19775690140833,231.22110160659443,228.09798564307096,230.79205322265625,39882100
2024-10-14,AMZN,189.77999877929688,189.8300018310547,187.36000061035156,187.5399932861328,22614400
2024-10-14,GOOG,164.72312838633286,167.43004889126075,164.5932708244699,166.1614990234375,9981800
2024-10-14,MSFT,416.1010845405741,422.34605664401147,415.8520832387316,417.46563720703125,16653100
2024-10-15,AAPL,233.0969778733182,236.9684620133565,231.85969551276995,233.33645629882812,64751400
2024-10-15,AMZN,187.6300048828125,188.41000366210938,184.5800018310547,187.69000244140625,32178900
2024-10-15,GOOG,166.95059472266811,168.8983819154721,165.8618335791902,166.7108612060547,14829300
2024-10-15,MSFT,420.4934907291295,420.7923105426525,413.60115139482065,417.0672302246094,18900200
2024-10-16,AAPL,231.09139869260778,231.61024577942743,229.33525401328018,231.27099609375,34082200
2024-10-16,AMZN,187.0500030517578,187.77999877929688,185.61000061035156,186.88999938964844,23456800
2024-10-16,GOOG,165.84185377313815,167.09043727455702,165.02878083042955,166.55105590820312,9968500
2024-10-16,MSFT,413.51151588006746,414.6967341717602,408.84024879356656,414.45770263671875,15508900
2024-10-17,AAPL,232.9173703418766,233.3364614020046,230.0137723986246,231.6401824951172,32993800
2024-10-17,AMZN,188.22000122070312,188.94000244140625,186.0,187.52999877929688,25039400
2024-10-17,GOOG,167.19033606749383,167.73970063468835,164.18373713332832,164.32357788085938,15113400
2024-10-17,MSFT,420.6727824355961,420.81223776702603,413.92983752079977,415.0553283691406,14820000
2024-10-18,AAPL,235.66133386929857,235.66133386929857,233.4961010856326,234.4839324951172,46431500
2024-10-18,AMZN,187.14999389648438,190.74000549316406,186.27999877929688,188.99000549316406,37417700
2024-10-18,GOOG,164.68315687411,166.1814570052866,164.56329774089494,164.8629608154297,13091300
2024-10-18,MSFT,415.4736181228242,417.97357047210465,414.59712869532103,416.4895324707031,17145300
2024-10-21,AAPL,233.9351372634737,236.32987592195377,233.9351372634737,235.96067810058594,36254500
2024-10-21,AMZN,188.0500030517578,189.4600067138672,186.39999389648438,189.07000732421875,24639400
2024-10-21,GOOG,164.39350284394692,166.03164381688842,164.11880532391672,165.61212158203125,11384000
2024-10-21,MSFT,414.457708513249,417.2863598354636,412.09718088424023,417.1070861816406,14206100
2024-10-22,AAPL,233.376366009758,235.70125104779564,232.08920560922664,235.342041015625,38846600
2024-10-22,AMZN,188.35000610351562,191.52000427246094,186.97999572753906,189.6999969482422,29650600
2024-10-22,GOOG,164.51335821526936,167.28022350717583,164.48339343071603,166.63096618652344,11958600
2024-10-22,MSFT,416.8182287379404,428.85992860317606,416.3700446113444,425.8022155761719,25482200
2024-10-23,AAPL,233.56595129753524,234.62362105235994,227.25982300232985,230.25323486328125,52287000
2024-10-23,AMZN,188.85000610351562,189.16000366210938,183.69000244140625,184.7100067138672,31937100
2024-10-23,GOOG,166.24139686193527,167.4100844491101,163.4475693041026,164.29360961914062,12754300
2024-10-23,MSFT,429.13881136450993,429.3579337373482,420.8421009299413,422.9038391113281,19654400
2024-10-24,AAPL,229.4749437774939,230.31311065070702,227.90839952304313,230.06365966796875,31109500
2024-10-24,AMZN,185.25,187.11000061035156,183.86000061035156,186.3800048828125,21647400
2024-10-24,GOOG,164.40348120446478,164.862966633834,162.58555157338998,164.3435516357422,12764400
2024-10-24,MSFT,423.6308734743349,424.2783011634291,420.71258556682636,423.0332946777344,13581600
2024-10-25,AAPL,229.23547896644118,232.7078323586645,229.0658541264054,230.9018096923828,38802300
2024-10-25,AMZN,187.85000610351562,190.4499969482422,187.52999877929688,187.8300018310547,29362100
2024-10-25,GOOG,165.17760750375996,167.21028977989147,165.04275073639812,166.80076599121094,14566400
2024-10-25,MSFT,425.0552047565001,430.79217425375066,424.8659613297776,426.43963623046875,16899100
2024-10-28,AAPL,232.80762499530724,234.21451699403664,232.03931169048735,232.88743591308594,36087100
2024-10-28,AMZN,189.57000732421875,190.2100067138672,188.2100067138672,188.38999938964844,27930800
2024-10-28,GOOG,170.3966812236567,170.41266955461435,165.60211760655622,168.14923095703125,20858300
2024-10-28,MSFT,429.93564891158985,430.21452917811945,424.59704472930554,424.8858947753906,14882400
2024-10-29,AAPL,232.58810476348472,233.815399347975,231.8098189074392,233.15684509277344,35417200
2024-10-29,AMZN,188.5800018310547,191.4600067138672,187.82000732421875,190.8300018310547,35690200
2024-10-29,GOOG,169.19304410385806,171.66524548184103,168.4688748329976,170.94606018066406,28916100
2024-10-29,MSFT,426.29025434116863,431.43961494644003,424.09903059516625,430.2244873046875,17644100
2024-10-30,AAPL,232.09917848988178,232.95729049985403,229.04590082483264,229.59469604492188,47070900
2024-10-30,AMZN,194.6999969482422,195.61000061035156,192.4199981689453,192.72999572753906,37707600
2024-10-30,GOOG,182.2032983314778,183.58172416401078,175.54584251265254,175.94039916992188,49698300
2024-10-30,MSFT,435.69254402246366,436.7483071680008,430.3738795735308,430.8021545410156,29749100
2024-10-31,AAPL,228.83635490362704,229.325284321648,224.8750719925984,225.4138946533203,64370100
2024-10-31,AMZN,190.50999450683594,190.60000610351562,185.22999572753906,186.39999389648438,75146800
2024-10-31,GOOG,174.5220068368585,178.21781091301466,172.3644509116493,172.4943084716797,32801900
2024-10-31,MSFT,413.70073237613923,414.4975548257246,404.67692710480617,404.72674560546875,53971000
2024-11-01,AAPL,220.48474431371312,224.8551305713263,219.78628458026085,222.4204864501953,65276700
2024-11-01,AMZN,199.0,200.5,197.02000427246094,197.92999267578125,99687800
2024-11-01,GOOG,171.34560295331048,173.62303326337351,170.11700106562338,172.454345703125,21752900
2024-11-01,MSFT,407.3760993641267,413.8401634297127,405.87212177522963,408.73065185546875,24230400
2024-11-04,AAPL,220.5046966292777,222.3007315284092,219.2275088130919,221.52244567871094,44944500
2024-11-04,AMZN,196.4499969482422,197.3300018310547,194.30999755859375,195.77999877929688,38492100
2024-11-04,GOOG,171.04595045731364,171.72517254211823,169.292934406109,170.486572265625,16194000
2024-11-04,MSFT,408.1629209153218,408.78046967487955,403.9498383507318,406.8282775878906,19672300
2024-11-05,AAPL,221.31291912362707,223.45819152571042,220.65436486265338,222.95928955078125,28111300
2024-11-05,AMZN,196.0399932861328,199.82000732421875,195.99000549316406,199.5,30564800
2024-11-05,GOOG,170.63641471305547,171.90197722262147,170.17692928568974,171.21575927734375,12518300
2024-11-05,MSFT,406.73866209939297,413.24257521436044,406.4498120639611,409.8163146972656,17626000
2024-11-06,AAPL,222.12113695305962,225.5735453041769,220.7042571772517,222.23089599609375,54561100
2024-11-06,AMZN,200.00999450683594,207.5500030517578,199.13999938964844,207.08999633789062,72292200
2024-11-06,GOOG,175.15129569657023,178.43756069138865,174.84163419239505,178.12791442871094,27061500
2024-11-06,MSFT,410.77248502778195,418.77040570560524,408.8800507986786,418.50146484375,26681800
2024-11-07,AAPL,224.13670611072257,227.37956894750107,224.0768403097807,226.98043823242188,42137700
2024-11-07,AMZN,207.44000244140625,212.25,207.19000244140625,210.0500030517578,52878400
2024-11-07,GOOG,178.90703459922386,182.37310364247196,178.68728268213337,182.0734405517578,16730400
2024-11-07,MSFT,419.5971138468432,425.1448706929316,418.2027124984046,423.73052978515625,19901800
2024-11-08,AAPL,226.92049995960826,228.4088689967903,226.16134014604208,226.7107391357422,38328800
2024-11-08,AMZN,209.72000122070312,209.9600067138672,207.44000244140625,208.17999267578125,36075800
2024-11-08,GOOG,181.7937633750887,182.14337286279397,179.36652428990095,179.65618896484375,15021500
2024-11-08,MSFT,423.6209440547306,424.7962229099081,420.095077093531,420.85205078125,16891400
2024-11-11,AAPL,224.7528927426808,225.45212091614073,221.25673663335022,223.98373413085938,42005600
2024-11-11,AMZN,208.5,209.64999389648438,205.58999633789062,206.83999633789062,35456000
2024-11-11,GOOG,179.86595311011308,181.87866911496587,179.78604193663656,181.7637939453125,12503400
2024-11-11,MSFT,420.83211176857736,423.11297221775334,414.3381687204943,416.34014892578125,24503300
2024-11-12,AAPL,224.30339000560164,225.34224111445195,223.11469448970428,223.98373413085938,40398300
2024-11-12,AMZN,208.3699951171875,209.5399932861328,206.00999450683594,208.91000366210938,38942900
2024-11-12,GOOG,181.17447008554376,183.8164618709321,180.7849126324006,183.11227416992188,14065800
2024-11-12,MSFT,416.57918414479684,422.744458901271,415.533390819855,421.340087890625,19401200
2024-11-13,AAPL,223.76397540644066,226.4010754152989,222.5153482196322,224.8727569580078,48566200
2024-11-13,AMZN,209.39999389648438,215.08999633789062,209.13999938964844,214.10000610351562,46212900
2024-11-13,GOOG,181.9435840117087,182.40806866359944,179.91588559929718,180.2854766845703,13969700
2024-11-13,MSFT,419.9556884147255,427.61494119189337,416.5393671420712,423.50146484375,21502200
2024-11-14,AAPL,224.77287777547028,228.61864039722624,224.7528954725484,227.9693603515625,44923900
2024-11-14,AMZN,214.16000366210938,215.89999389648438,210.8800048828125,211.47999572753906,42620300
2024-11-14,GOOG,179.54630680962694,180.24052654964984,175.83052110445558,177.14903259277344,17925800
2024-11-14,MSFT,423.30222788535474,426.4595778768523,418.3222016749388,425.1846923828125,30246900
2024-11-15,AAPL,226.15134020310103,226.67077335813082,224.023689933323,224.7528839111328,47923700
2024-11-15,AMZN,206.75999450683594,207.33999633789062,199.61000061035156,202.61000061035156,86591100
2024-11-15,GOOG,175.44096428915813,175.68069780829796,172.5492406331188,173.6929473876953,21708900
2024-11-15,MSFT,418.14294637599176,421.1110226744225,411.98764100476023,413.3421936035156,28247600
2024-11-18,AAPL,225.00261496304853,229.4876892234719,224.92270099550518,227.7695770263672,44686000
2024-11-18,AMZN,204.14999389648438,204.6699981689453,200.9499969482422,201.6999969482422,36512500
2024-11-18,GOOG,174.75674466660527,176.70953111018625,174.2223472650081,176.5996551513672,18725400
2024-11-18,MSFT,413.21269235073834,416.72858966014985,410.45376875637714,414.0991516113281,24742000
2024-11-19,AAPL,226.73070634208972,229.90722171238716,226.41106572007726,228.02928161621094,36211800
2024-11-19,AMZN,199.3300018310547,205.3000030517578,198.77999877929688,204.61000061035156,31197900
2024-11-19,GOOG,175.03641805114046,179.96582309430366,174.91754961402577,179.37649536132812,15392900
2024-11-19,MSFT,411.45973532284427,416.270457948444,409.90596948487496,416.1210632324219,18133500
2024-11-20,AAPL,227.80951934283004,229.67746064503265,225.64190448211673,228.7484893798828,35169600
2024-11-20,AMZN,202.97999572753906,203.1300048828125,199.4499969482422,202.8800048828125,32769000
2024-11-20,GOOG,178.62734371232878,178.90702518454475,175.13131006813194,177.12904357910156,15729800
2024-11-20,MSFT,415.2046922657536,415.62302783332285,408.93981090505724,413.8302001953125,19191700
2024-11-21,AAPL,228.6286329426038,229.90722593821596,225.46211628612434,228.26902770996094,42108300
2024-11-21,AMZN,203.49000549316406,203.49000549316406,195.75,198.3800048828125,58800000
2024-11-21,GOOG,175.2561710958645,175.38102944221177,165.12266343870064,169.0482177734375,38839400
2024-11-21,MSFT,418.6605301722443,418.9399686403921,409.4689690149979,412.0437927246094,20780200
2024-11-22,AAPL,227.80952873867182,230.46661102927646,227.80952873867182,229.61753845214844,38168300
2024-11-22,AMZN,198.25,199.25999450683594,196.75,197.1199951171875,31530800
2024-11-22,GOOG,166.97058387849523,168.07432746409233,165.52223001533417,166.38125610351562,24497000
2024-11-22,MSFT,410.5467888521348,416.56472079906104,410.2374116400306,416.16552734375,24814600
2024-11-25,AAPL,231.2058026888721,232.99383009111634,229.48769048234254,232.61424255371094,90152800
2024-11-25,AMZN,199.27999877929688,201.9499969482422,199.0,201.4499969482422,40685700
2024-11-25,GOOG,167.79963597170087,170.26683813927568,167.2102929875674,169.2379913330078,21395700
2024-11-25,MSFT,417.54278213072394,420.23736087052777,414.0198472532827,417.95196533203125,27691100
2024-11-26,AAPL,233.07373841155265,235.31128373473052,233.07373841155265,234.8018341064453,45986200
2024-11-26,AMZN,201.89999389648438,208.0,201.7899932861328,207.86000061035156,41673700
2024-11-26,GOOG,169.29794186488792,171.30065946360386,169.2379970531637,170.42665100097656,14937500
2024-11-26,MSFT,418.75036014607525,428.18146205416855,418.01185069672323,427.133544921875,23458900
2024-11-27,AAPL,234.21249554010248,235.43115689965902,233.55321672420507,234.67198181152344,33498400
2024-11-27,AMZN,206.97999572753906,207.63999938964844,205.0500030517578,205.74000549316406,28061600
2024-11-27,GOOG,170.48657834214197,170.94606377703184,169.47772835969613,170.62643432617188,12433400
2024-11-27,MSFT,424.2593075311874,426.37509083138485,421.17549451394376,422.1435546875,18332400
2024-11-29,AAPL,234.55211454995276,237.5488197625333,233.71304074851764,237.06935119628906,28481400
2024-11-29,AMZN,205.8300018310547,208.1999969482422,204.58999633789062,207.88999938964844,24892400
2024-11-29,GOOG,169.86727807542474,170.67635770909138,168.5587650637913,170.2967987060547,9250700
2024-11-29,MSFT,419.24935840992123,424.0297817162198,416.9639323784013,422.61260986328125,16271900
2024-12-02,AAPL,237.00941446483552,240.52553753151284,236.89953466637493,239.3268585205078,48137100
2024-12-02,AMZN,209.9600067138672,212.99000549316406,209.50999450683594,210.7100067138672,39523200
2024-12-02,GOOG,170.12700711841413,173.40328912685484,170.07706072822788,172.7839813232422,16593400
2024-12-02,MSFT,420.72641076442574,432.13353107658475,420.4669212999132,430.1175842285156,20207200
2024-12-03,AAPL,239.54662188503684,242.49337894569658,238.6376176509325,242.3834991455078,38861000
2024-12-03,AMZN,210.30999755859375,214.02000427246094,209.64999389648438,213.44000244140625,32214800
2024-12-03,GOOG,172.92382163041665,174.12247402584057,172.3145122512922,172.82394409179688,15721500
2024-12-03,MSFT,428.9798333762607,431.60457529422956,426.88402964452257,430.3371276855469,18302000
2024-12-04,AAPL,242.60325739533934,243.84190102311462,240.9850414761411,242.74310302734375,44383900
2024-12-04,AMZN,215.9600067138672,220.0,215.75,218.16000366210938,48745700
2024-12-04,GOOG,172.58421037119035,176.2300682189443,172.55424558548813,175.8904571533203,18239800
2024-12-04,MSFT,432.1634480898198,438.79017518476684,431.7642546343851,436.544677734375,26009400
2024-12-05,AAPL,243.72204013219255,244.2714238935446,241.86408229295347,242.7730712890625,40033900
2024-12-05,AMZN,218.02999877929688,222.14999389648438,217.3000030517578,220.5500030517578,41140200
2024-12-05,GOOG,177.119071409662,177.5086288588593,173.8128094406053,174.1124725341797,16145500
2024-12-05,MSFT,437.0436765362191,443.770179142923,435.2971785217715,441.7342529296875,21697800
2024-12-06,AAPL,242.6432183998472,244.3613305629988,241.8141281502541,242.5732879638672,36870600
2024-12-06,AMZN,220.75,227.14999389648438,220.60000610351562,227.02999877929688,44178100
2024-12-06,GOOG,173.68296556469517,176.63861208568355,173.35333768886213,176.29000854492188,13319500
2024-12-06,MSFT,441.4148949698492,445.2073090094776,440.88595677867977,442.682373046875,18821000
2024-12-09,AAPL,241.56440918324205,246.96847124510987,241.48449521514058,246.47900390625,44649200
2024-12-09,AMZN,227.2100067138672,230.0800018310547,225.6699981689453,226.08999633789062,46819400
2024-12-09,GOOG,175.71499633789062,178.0399932861328,175.39999389648438,177.10000610351562,19887800
2024-12-09,MSFT,441.7143023543043,447.4328163406456,439.6184986530788,445.12744140625,19144400
2024-12-10,AAPL,246.61884065291167,247.93739821602466,245.0705399660552,247.4978790283203,36914800
2024-12-10,AMZN,226.08999633789062,229.05999755859375,224.1999969482422,225.0399932861328,31199900
2024-12-10,GOOG,184.53500366210938,188.02999877929688,182.6699981689453,186.52999877929688,34317400
2024-12-10,MSFT,443.500747434082,448.7202622082635,440.71632196493806,442.4428405761719,18469500
2024-12-11,AAPL,247.68767076725757,250.52454792031958,245.98952569372008,246.2192840576172,45205800
2024-12-11,AMZN,226.41000366210938,231.1999969482422,226.25999450683594,230.25999450683594,35385800
2024-12-11,GOOG,186.6999969482422,196.88999938964844,186.25999450683594,196.7100067138672,41664500
2024-12-11,MSFT,443.1614051498909,449.4488165759074,443.1614051498909,448.0915222167969,19200200
2024-12-12,AAPL,246.61885092340057,248.46682524629017,245.41017310687806,247.68768310546875,32777500
2024-12-12,AMZN,229.8300018310547,231.08999633789062,227.6300048828125,228.97000122070312,28204100
2024-12-12,GOOG,196.3000030517578,196.7050018310547,193.27999877929688,193.6300048828125,25197800
2024-12-12,MSFT,448.2112581986308,455.24716851093444,448.2112581986308,448.6603698730469,20834800
2024-12-13,AAPL,247.54782582286595,249.01619729452798,245.96955931284188,247.85748291015625,33155300
2024-12-13,AMZN,228.39999389648438,230.1999969482422,225.86000061035156,227.4600067138672,28768100
2024-12-13,GOOG,192.7100067138672,194.33999633789062,191.25999450683594,191.3800048828125,18883200
2024-12-13,MSFT,447.5426110314286,450.5266178755225,444.6883184556146,446.37493896484375,20177800
2024-12-16,AAPL,247.71764416028498,251.10392039685559,247.3780059899919,250.7642822265625,51694800
2024-12-16,AMZN,230.22999572753906,233.0,228.00999450683594,232.92999267578125,37552100
2024-12-16,GOOG,194.36500549316406,200.63999938964844,194.11000061035156,198.16000366210938,32248600
2024-12-16,MSFT,446.37494735046533,451.27512549789225,444.38893932865295,450.6863098144531,23598800
2024-12-17,AAPL,249.80533943156328,253.5512208135588,249.50566587259755,253.20159912109375,51356400
2024-12-17,AMZN,232.38999938964844,232.72999572753906,227.85000610351562,231.14999389648438,35948100
2024-12-17,GOOG,198.52999877929688,202.8800048828125,196.69000244140625,197.1199951171875,24129500
2024-12-17,MSFT,450.10748972576295,454.3789237624039,448.67036888572403,453.5505676269531,22733500
2024-12-18,AAPL,251.88305927654196,254.0007260278641,247.46791553993853,247.77757263183594,56774100
2024-12-18,AMZN,230.77000427246094,231.39999389648438,220.11000061035156,220.52000427246094,43281400
2024-12-18,GOOG,196.8300018310547,198.69000244140625,189.27999877929688,190.14999389648438,27638400
2024-12-18,MSFT,450.4168569277278,451.7441820228141,436.1454548251872,436.5147399902344,24444500
2024-12-19,AAPL,247.22817727073837,251.72323503929724,246.81862390484895,249.51565551757812,60882300
2024-12-19,AMZN,224.91000366210938,226.08999633789062,222.9199981689453,223.2899932861328,39918700
2024-12-19,GOOG,193.27999877929688,194.60000610351562,189.52000427246094,189.6999969482422,26981200
2024-12-19,MSFT,440.73626782337294,442.29314366547726,435.4468858542376,436.15545654296875,22963700
2024-12-20,AAPL,247.76758181309805,254.71994465608725,245.42017186050566,254.21051025390625,147495300
2024-12-20,AMZN,219.83999633789062,226.2100067138672,218.72999572753906,224.9199981689453,88279200
2024-12-20,GOOG,187.00999450683594,194.13499450683594,186.3699951171875,192.9600067138672,45319700
2024-12-20,MSFT,432.2432815476765,442.85201454579715,427.7722660445124,435.726318359375,64263700
2024-12-23,AAPL,254.49020366493687,255.36922684225433,253.17164603591402,254.98965454101562,40858800
2024-12-23,AMZN,225.00999450683594,226.8800048828125,223.89999389648438,225.05999755859375,28070000
2024-12-23,GOOG,194.02999877929688,196.49000549316406,191.6300048828125,195.99000549316406,15235900
2024-12-23,MSFT,435.86603695951885,436.7742196281346,431.96385754199804,434.3790283203125,19152500
2024-12-24,AAPL,255.2094124344067,257.92641115938613,255.0096198916901,257.91644287109375,23234700
2024-12-24,AMZN,226.94000244140625,229.13999938964844,226.1300048828125,229.0500030517578,15007500
2024-12-24,GOOG,196.1699981689453,197.6699981689453,195.197998046875,197.57000732421875,6809800
2024-12-24,MSFT,433.7802087154167,438.7203153724094,433.32113775673025,438.4508361816406,7164500
2024-12-26,AAPL,257.90642916266114,259.81433504408284,257.34704665632455,258.7355041503906,27237100
2024-12-26,AMZN,228.5,228.5,226.6699981689453,227.0500030517578,16146700
2024-12-26,GOOG,196.74000549316406,198.16000366210938,195.8699951171875,197.10000610351562,7907900
2024-12-26,MSFT,438.20133650274425,440.0576302640168,435.7562575113133,437.2332763671875,8194200
2024-12-27,AAPL,257.54682582842287,258.41589596104086,252.78207543596488,255.30929565429688,42355300
2024-12-27,AMZN,225.60000610351562,226.02999877929688,220.89999389648438,223.75,27367100
2024-12-27,GOOG,196.47000122070312,196.8000030517578,191.9720001220703,194.0399932861328,14693000
2024-12-27,MSFT,433.73031978660106,434.3490742197977,425.49682901810996,429.66845703125,18117700
2024-12-30,AAPL,251.95298524244893,253.22159473829512,250.47461491371794,251.9230194091797,35557500
2024-12-30,AMZN,220.05999755859375,223.0,218.42999267578125,221.3000030517578,28321200
2024-12-30,GOOG,190.86500549316406,193.77999877929688,190.36000061035156,192.69000244140625,12209500
2024-12-30,MSFT,425.2074080072107,426.6944166190143,421.05572893712207,423.9798583984375,13158700
2024-12-31,AAPL,252.16275955239965,253.00183336212825,249.15605553782555,250.1449737548828,39480700
2024-12-31,AMZN,222.97000122070312,223.22999572753906,218.94000244140625,219.38999938964844,24819700
2024-12-31,GOOG,192.44500732421875,193.25,189.5800018310547,190.44000244140625,14355200
2024-12-31,MSFT,425.24732556190753,425.8760697244736,419.81820926028456,420.6565246582031,13246500
2025-01-02,AAPL,248.65660659999048,248.826433311358,241.55442975303322,243.5821990966797,55740700
2025-01-02,AMZN,222.02999877929688,225.14999389648438,218.19000244140625,220.22000122070312,33956600
2025-01-02,GOOG,191.48500061035156,193.1999969482422,188.7100067138672,190.6300048828125,17545200
2025-01-02,MSFT,424.67847521686525,425.2174031564215,414.01985416103116,417.74237060546875,16896500
2025-01-03,AAPL,243.0927276611328,243.91181916074598,241.624340886356,243.0927276611328,40244100
2025-01-03,AMZN,222.50999450683594,225.36000061035156,221.6199951171875,224.19000244140625,27515600
2025-01-03,GOOG,192.72500610351562,194.5,191.35000610351562,193.1300048828125,12875000
2025-01-03,MSFT,420.2373611517797,423.1814700735548,418.7004647827294,422.5028381347656,16662900
2025-01-06,AAPL,244.04168187374515,247.05836939894766,242.93290033169586,244.73092651367188,45045600
2025-01-06,AMZN,226.77999877929688,228.83999633789062,224.83999633789062,227.61000061035156,31849800
2025-01-06,GOOG,195.14999389648438,199.55999755859375,195.05999755859375,197.9600067138672,19483300
2025-01-06,MSFT,427.1435291929144,433.450889550372,424.6285829292995,426.99383544921875,20573600
2025-01-07,AAPL,242.71314361950866,245.28032844029428,241.08494412707995,241.94400024414062,40856000
2025-01-07,AMZN,227.89999389648438,228.3800048828125,221.4600067138672,222.11000061035156,28084200
2025-01-07,GOOG,198.27000427246094,202.13999938964844,195.94000244140625,196.7100067138672,16966800
2025-01-07,MSFT,428.1415176926379,429.7882097463078,419.957914728963,421.5247802734375,18139100
2025-01-08,AAPL,241.65429905026372,243.44234164075266,239.78635773622742,242.43344116210938,37628900
2025-01-08,AMZN,223.19000244140625,223.52000427246094,220.1999969482422,222.1300048828125,25033300
2025-01-08,GOOG,193.9499969482422,197.63999938964844,193.75,195.38999938964844,14335300
2025-01-08,MSFT,422.61261379874435,426.11559975123726,420.69647292951623,423.7104187011719,15054600
2025-01-10,AAPL,239.7463920626497,239.8962364632009,232.74409661721964,236.58987426757812,61710900
2025-01-10,AMZN,221.4600067138672,221.7100067138672,216.5,218.94000244140625,36811500
2025-01-10,GOOG,195.4199981689453,197.6199951171875,191.60000610351562,193.1699981689453,20753800
2025-01-10,MSFT,423.7802594986814,423.86008600637365,414.1894746460312,418.11163330078125,20201100
2025-01-13,AAPL,233.27352322575203,234.41227060505477,229.46771001708314,234.14256286621094,49630700
2025-01-13,AMZN,218.05999755859375,219.39999389648438,216.47000122070312,218.4600067138672,27262700
2025-01-13,GOOG,191.35000610351562,192.49000549316406,188.66000366210938,192.2899932861328,13169100
2025-01-13,MSFT,414.4090535363967,417.66253969684465,411.4649750549722,416.35516357421875,17604800
2025-01-14,AAPL,234.49217517741417,235.8606656353981,232.21468051006943,233.02378845214844,39435300
2025-01-14,AMZN,220.44000244140625,221.82000732421875,216.1999969482422,217.75999450683594,24711700
2025-01-14,GOOG,192.5,193.27000427246094,189.63999938964844,191.0500030517578,13651200
2025-01-14,MSFT,416.9739281792526,418.9000587938386,409.89811945983064,414.8382263183594,16935900
2025-01-15,AAPL,234.38230107288462,238.6975638581554,234.17252500331003,237.60874938964844,39832000
2025-01-15,AMZN,222.8300018310547,223.57000732421875,220.75,223.35000610351562,31291300
2025-01-15,GOOG,194.35000610351562,197.8000030517578,193.3300018310547,196.97999572753906,12894900
2025-01-15,MSFT,418.29128437786517,427.29322350331137,417.4329894853562,425.4569091796875,19637800
2025-01-16,AAPL,237.089336348529,237.74859991927732,227.7795647267042,228.00930786132812,71759100
2025-01-16,AMZN,224.4199981689453,224.64999389648438,220.30999755859375,220.66000366210938,24757300
2025-01-16,GOOG,195.8249969482422,196.97999572753906,194.3000030517578,194.41000366210938,13449600
2025-01-16,MSFT,427.84212760615685,428.6305247845027,423.5407549144398,423.7303466796875,15300000
2025-01-17,AAPL,231.86506609768284,232.03487756376998,228.22906438809179,229.7274169921875,68488300
2025-01-17,AMZN,225.83999633789062,226.50999450683594,223.0800018310547,225.94000244140625,42370100
2025-01-17,GOOG,198.0500030517578,198.80999755859375,195.30999755859375,197.5500030517578,22109100
2025-01-17,MSFT,433.22135040368397,433.61058460419247,427.31321381371214,428.1714782714844,26197500
2025-01-21,AAPL,223.75398423747347,224.17352112887505,219.13906319002535,222.39547729492188,98070400
2025-01-21,AMZN,228.89999389648438,231.77999877929688,226.94000244140625,230.7100067138672,39951500
2025-01-21,GOOG,200.50999450683594,203.83999633789062,199.44000244140625,199.6300048828125,19005200
2025-01-21,MSFT,429.33912735658424,430.03770829379437,424.7483264493822,427.64251708984375,26085700
2025-01-22,AAPL,219.54859611049605,223.87384226456615,219.54859611049605,223.58416748046875,64126500
2025-01-22,AMZN,232.02000427246094,235.44000244140625,231.19000244140625,235.00999450683594,41448200
2025-01-22,GOOG,200.5500030517578,202.1199951171875,199.1999969482422,200.02999877929688,15477400
2025-01-22,MSFT,436.68440364505375,446.37496460039233,435.1275277712005,445.30712890625,27803800
2025-01-23,AAPL,224.493183388126,226.78066167492807,222.05586069453574,223.41436767578125,60234800
2025-01-23,AMZN,234.10000610351562,235.52000427246094,231.50999450683594,235.4199981689453,26404400
2025-01-23,GOOG,199.97999572753906,201.94000244140625,196.82000732421875,199.5800018310547,15170800
2025-01-23,MSFT,441.1155043659929,445.85599903960934,440.61650492666485,445.8160705566406,18389300
2025-01-24,AAPL,224.53312753788666,225.38220009721186,221.16683361690275,222.5353240966797,54697900
2025-01-24,AMZN,234.5,236.39999389648438,232.92999267578125,234.85000610351562,25890700
2025-01-24,GOOG,199.85000610351562,202.57000732421875,199.78399658203125,201.89999389648438,12732400
2025-01-24,MSFT,444.2691915941594,445.7562002010948,440.5167060042179,443.17138671875,15549500
2025-01-27,AAPL,223.77396171163917,231.89502211760887,223.73399710835045,229.6075439453125,94863400
2025-01-27,AMZN,226.2100067138672,235.61000061035156,225.86000061035156,235.4199981689453,49428300
2025-01-27,GOOG,194.19000244140625,198.6699981689453,192.6999969482422,193.77000427246094,24970200
2025-01-27,MSFT,423.16152296669173,434.32913308449037,422.6525337820519,433.6903991699219,35647800
2025-01-28,AAPL,230.59647127201654,239.9262098046868,230.55650666713984,237.99832153320312,75707600
2025-01-28,AMZN,234.2899932861328,241.77000427246094,233.97999572753906,238.14999389648438,41587200
2025-01-28,GOOG,194.64999389648438,197.22999572753906,192.61000061035156,197.07000732421875,15939200
2025-01-28,MSFT,433.73032267022137,447.4827461239755,430.51676503368185,446.30511474609375,23491700
2025-01-29,AAPL,233.86287156365174,239.5965730646729,233.75299176206667,239.0971221923828,45486100
2025-01-29,AMZN,239.02000427246094,240.38999938964844,236.14999389648438,237.07000732421875,26091700
2025-01-29,GOOG,197.3699951171875,198.4600067138672,195.19000244140625,197.17999267578125,12287800
2025-01-29,MSFT,445.79611510422404,445.98573732495043,439.51869372032735,441.44482421875,23581400
2025-01-30,AAPL,238.40787147181928,240.52553823889048,236.94948349745044,237.3290557861328,55658300
2025-01-30,AMZN,237.13999938964844,237.9499969482422,232.22000122070312,234.63999938964844,32020700
2025-01-30,GOOG,199.75999450683594,203.23800659179688,199.4720001220703,202.6300048828125,14571500
2025-01-30,MSFT,417.9319804505241,422.0137922192137,412.33322134699057,414.1595458984375,54586300
2025-01-31,AAPL,246.91852728753366,246.91852728753366,233.18362815459494,235.74081420898438,101075100
2025-01-31,AMZN,236.5,240.2899932861328,236.41000366210938,237.67999267578125,36162400
2025-01-31,GOOG,203.71499633789062,207.0800018310547,203.5800018310547,205.60000610351562,17087300
2025-01-31,MSFT,418.141600337115,419.84816997012905,414.0797374049759,414.22943115234375,34223400
2025-02-03,AAPL,229.73741895869952,231.5753945205246,225.45212191586603,227.75958251953125,73063300
2025-02-03,AMZN,234.05999755859375,239.25,232.89999389648438,237.4199981689453,37285900
2025-02-03,GOOG,202.21499633789062,205.22000122070312,201.66000366210938,202.63999938964844,16719500
2025-02-03,MSFT,410.7763492208031,414.57872255523336,407.8422300476431,410.09771728515625,25679100
2025-02-04,AAPL,227.00041910872287,232.87396618357337,226.40107197135944,232.54432678222656,45067300
2025-02-04,AMZN,239.00999450683594,242.52000427246094,238.02999877929688,242.05999755859375,29713800
2025-02-04,GOOG,204.5,208.6999969482422,204.25999450683594,207.7100067138672,28285400
2025-02-04,MSFT,411.86416676091864,413.09171636714575,408.9200578355856,411.5447998046875,20532100
2025-02-05,AAPL,228.27901582634638,232.4144684638066,228.0193068583431,232.21469116210938,39620300
2025-02-05,AMZN,237.02000427246094,238.32000732421875,235.1999969482422,236.1699981689453,38727300
2025-02-05,GOOG,193.10000610351562,194.5500030517578,189.91000366210938,193.3000030517578,43666400
2025-02-05,MSFT,411.5248607564065,413.0018796658512,409.5787506797878,412.4629821777344,16316700
2025-02-06,AAPL,231.0359788855247,233.54323203112875,230.17692277145878,232.9638671875,29925300
2025-02-06,AMZN,238.00999450683594,239.66000366210938,236.00999450683594,238.8300018310547,60897100
2025-02-06,GOOG,190.99000549316406,193.8300018310547,190.49000549316406,193.30999755859375,20816600
2025-02-06,MSFT,413.1715497090401,417.36315732347487,413.1715497090401,414.9879150390625,16309800
2025-02-07,AAPL,232.3445476829273,233.74300400322835,227.0104008794231,227.3800048828125,39707200
2025-02-07,AMZN,232.5,234.80999755859375,228.05999755859375,229.14999389648438,77539300
2025-02-07,GOOG,192.74000549316406,193.01499938964844,185.10000610351562,187.13999938964844,29565700
2025-02-07,MSFT,415.6465973451397,417.8122379259866,407.2833615993766,408.9300537109375,22886800
2025-02-10,AAPL,229.57000732421875,230.58999633789062,227.1999969482422,227.64999389648438,33115600
2025-02-10,AMZN,230.5500030517578,233.9199981689453,229.1999969482422,233.13999938964844,35419900
2025-02-10,GOOG,189.05999755859375,189.99000549316406,187.61000061035156,188.1999969482422,16606000
2025-02-10,MSFT,412.8821197108573,414.62861779989964,410.0977246861568,411.3951110839844,20817900
2025-02-11,AAPL,228.1999969482422,235.22999572753906,228.1300048828125,232.6199951171875,53718400
2025-02-11,AMZN,231.9199981689453,233.44000244140625,230.1300048828125,232.75999450683594,23713700
2025-02-11,GOOG,186.8350067138672,188.8000030517578,186.0800018310547,187.07000732421875,13028100
2025-02-11,MSFT,408.8202828688126,411.6645553606299,408.48093644203584,410.6166687011719,18140600
2025-02-12,AAPL,231.1999969482422,236.9600067138672,230.67999267578125,236.8699951171875,45243300
2025-02-12,AMZN,230.4600067138672,231.17999267578125,228.16000366210938,228.92999267578125,32285200
2025-02-12,GOOG,185.22999572753906,186.8300018310547,183.6300048828125,185.42999267578125,17632300
2025-02-12,MSFT,406.3951110778186,409.92803560329327,403.56079794352274,408.2214660644531,19121700
2025-02-13,AAPL,236.91000366210938,242.33999633789062,235.57000732421875,241.52999877929688,53614100
2025-02-13,AMZN,228.85000610351562,230.4199981689453,227.52000427246094,230.3699951171875,31346500
2025-02-13,GOOG,185.92999267578125,187.99000549316406,184.8800048828125,187.8800048828125,12729300
2025-02-13,MSFT,406.185550721702,410.17754630619044,405.54681680905935,409.7184753417969,23891700
2025-02-14,AAPL,241.25,245.5500030517578,240.99000549316406,244.60000610351562,40896200
2025-02-14,AMZN,229.1999969482422,229.88999938964844,227.22999572753906,228.67999267578125,27031100
2025-02-14,GOOG,186.8300018310547,188.14999389648438,186.11000061035156,186.8699951171875,12714200
2025-02-14,MSFT,406.9739674594389,408.0917213200678,405.06778596420224,407.6126708984375,22758500
2025-02-18,AAPL,244.14999389648438,245.17999267578125,241.83999633789062,244.47000122070312,48822500
2025-02-18,AMZN,228.82000732421875,229.3000030517578,223.72000122070312,226.64999389648438,42975100
2025-02-18,GOOG,187.44000244140625,187.77999877929688,183.5800018310547,185.8000030517578,19796000
2025-02-18,MSFT,407.18354917543536,409.7783523938356,405.6865508328786,408.8202819824219,21423100
2025-02-19,AAPL,244.66000366210938,246.00999450683594,243.16000366210938,244.8699951171875,32204200
2025-02-19,AMZN,225.52000427246094,226.8300018310547,223.7100067138672,226.6300048828125,28566700
2025-02-19,GOOG,186.18499755859375,187.36000061035156,185.5,187.1300048828125,13120500
2025-02-19,MSFT,407.06380569744374,414.6585628844229,406.8342549807474,413.94000244140625,24114200
2025-02-20,AAPL,244.94000244140625,246.77999877929688,244.2899932861328,245.8300018310547,32316900
2025-02-20,AMZN,224.77999877929688,225.1300048828125,221.80999755859375,222.8800048828125,30001700
2025-02-20,GOOG,186.5,187.1199951171875,184.60000610351562,186.63999938964844,12063800
2025-02-20,MSFT,415.2900085449219,419.30999755859375,412.5400085449219,416.1300048828125,23508700
2025-02-21,AAPL,245.9499969482422,248.69000244140625,245.22000122070312,245.5500030517578,53197400
2025-02-21,AMZN,223.27999877929688,223.30999755859375,214.74000549316406,216.5800018310547,55323900
2025-02-21,GOOG,187.2899932861328,187.47000122070312,181.1300048828125,181.5800018310547,19520800
2025-02-21,MSFT,417.3399963378906,418.04998779296875,407.8900146484375,408.2099914550781,27524800
2025-02-24,AAPL,244.92999267578125,248.86000061035156,244.4199981689453,247.10000610351562,51326400
2025-02-24,AMZN,217.4499969482422,217.72000122070312,212.4199981689453,212.7100067138672,42387600
2025-02-24,GOOG,183.8000030517578,185.08999633789062,180.8800048828125,181.19000244140625,18734000
2025-02-24,MSFT,408.510009765625,409.3699951171875,399.32000732421875,404.0,26443700
2025-02-25,AAPL,248.0,250.0,244.91000366210938,247.0399932861328,48013300
2025-02-25,AMZN,211.6300048828125,213.33999633789062,204.16000366210938,212.8000030517578,58958000
2025-02-25,GOOG,180.15499877929688,180.75999450683594,176.77000427246094,177.3699951171875,20832500
2025-02-25,MSFT,401.1000061035156,401.9200134277344,396.70001220703125,397.8999938964844,29387400
2025-02-26,AAPL,244.3300018310547,244.97999572753906,239.1300048828125,240.36000061035156,44433600
2025-02-26,AMZN,214.94000244140625,218.16000366210938,213.08999633789062,214.35000610351562,39120600
2025-02-26,GOOG,176.94500732421875,178.0800018310547,173.58999633789062,174.6999969482422,23637200
2025-02-26,MSFT,398.010009765625,403.6000061035156,394.25,399.7300109863281,19619000
2025-02-27,AAPL,239.41000366210938,242.4600067138672,237.05999755859375,237.3000030517578,41153600
2025-02-27,AMZN,218.35000610351562,219.97000122070312,208.3699951171875,208.74000549316406,40548600
2025-02-27,GOOG,175.94000244140625,176.58999633789062,169.7519989013672,170.2100067138672,25930500
2025-02-27,MSFT,401.2699890136719,405.739990234375,392.1700134277344,392.5299987792969,21127400
2025-02-28,AAPL,236.9499969482422,242.08999633789062,230.1999969482422,241.83999633789062,56833400
2025-02-28,AMZN,208.64999389648438,212.6199951171875,206.99000549316406,212.27999877929688,51771700
2025-02-28,GOOG,170.3000030517578,172.5,168.38999938964844,172.22000122070312,30049800
2025-02-28,MSFT,392.6600036621094,397.6300048828125,386.57000732421875,396.989990234375,32845700
2025-03-03,AAPL,241.7899932861328,244.02999877929688,236.11000061035156,238.02999877929688,47184000
2025-03-03,AMZN,213.35000610351562,214.00999450683594,202.5500030517578,205.02000427246094,42948400
2025-03-03,GOOG,173.72999572753906,175.0,167.63999938964844,168.66000366210938,24122000
2025-03-03,MSFT,398.82000732421875,398.82000732421875,386.1600036621094,388.489990234375,23007700
2025-03-04,AAPL,237.7100067138672,240.07000732421875,234.67999267578125,235.92999267578125,53724800
2025-03-04,AMZN,200.11000061035156,206.8000030517578,197.42999267578125,203.8000030517578,60714200
2025-03-04,GOOG,167.94000244140625,175.1649932861328,167.5399932861328,172.61000061035156,30667900
2025-03-04,MSFT,383.3999938964844,392.5799865722656,381.0,388.6099853515625,29301000
